Mode,Dof,ControlType,PointOfInterest,Cycle,Fn,Ft,deltaN,deltaN
1,1,0,5,0,5.02566,-0.395629,-4.98665,0.00183975
1,1,0,5,0,9.42374,-0.742812,-4.98665,0.00183975
1,1,0,5,0,9.42231,-0.742846,-4.98665,0.00183975
1,1,0,5,0,9.41986,-0.742903,-4.98665,0.00183975
1,1,0,5,0,9.41859,-0.743,-4.98665,0.00183975
1,1,0,5,0,9.41852,-0.742916,-4.98665,0.00183975
1,1,0,5,0,9.41861,-0.742856,-4.98665,0.00183975
1,1,0,5,0,9.41864,-0.742847,-4.98665,0.00183975
1,1,0,5,0,9.41912,-0.742783,-4.98665,0.00183975
1,1,0,5,0,9.41943,-0.74283,-4.98665,0.00183975
1,1,0,5,0,9.4197,-0.742907,-4.98665,0.00183975
1,1,0,5,0,9.4209,-0.742967,-4.98665,0.00183975
1,1,0,5,0,9.42202,-0.742987,-4.98665,0.00183975
1,1,0,5,0,9.4224,-0.742991,-4.98665,0.00183975
1,1,0,5,0,9.42227,-0.742997,-4.98665,0.00183975
1,1,0,5,0,9.42127,-0.743,-4.98665,0.00183975
1,1,0,5,0,9.41999,-0.742917,-4.98665,0.00183975
1,1,0,5,0,9.41933,-0.742926,-4.98665,0.00183975
1,1,0,5,0,9.41926,-0.742832,-4.98665,0.00183975
1,1,0,5,0,9.41995,-0.74276,-4.98665,0.00183975
1,1,0,5,0,9.42096,-0.742722,-4.98665,0.00183975
1,1,0,5,0,9.4208,-0.74276,-4.98665,0.00183975
1,1,0,5,0,9.4205,-0.742787,-4.98665,0.00183975
1,1,0,5,0,9.42053,-0.742805,-4.98665,0.00183975
1,1,0,5,0,9.42063,-0.742781,-4.98665,0.00183975
1,1,0,5,0,9.42058,-0.742776,-4.98665,0.00183975
1,1,0,5,0,9.42027,-0.742824,-4.98665,0.00183975
1,1,0,5,0,9.42089,-0.742858,-4.98665,0.00183975
1,1,0,5,0,9.42054,-0.742934,-4.98665,0.00183975
1,1,0,5,0,9.41979,-0.742986,-4.98665,0.00183975
1,1,0,5,0,9.42059,-0.742967,-4.98665,0.00183975
1,1,0,5,0,9.42094,-0.742924,-4.98665,0.00183975
1,1,0,5,0,9.42031,-0.742933,-4.98665,0.00183975
1,1,0,5,0,9.42086,-0.742892,-4.98665,0.00183975
1,1,0,5,0,9.42115,-0.742883,-4.98665,0.00183975
1,1,0,5,0,9.42037,-0.742995,-4.98665,0.00183975
1,1,0,5,0,9.42052,-0.742917,-4.98665,0.00183975
1,1,0,5,0,9.42154,-0.742876,-4.98665,0.00183975
1,1,0,5,0,9.42041,-0.742928,-4.98665,0.00183975
1,1,0,5,0,9.42044,-0.742839,-4.98665,0.00183975
1,1,0,5,0,9.42023,-0.742823,-4.98665,0.00183975
1,1,0,5,0,9.41979,-0.742837,-4.98665,0.00183975
1,1,0,5,0,9.42076,-0.742783,-4.98665,0.00183975
1,1,0,5,0,9.42139,-0.742819,-4.98665,0.00183975
1,1,0,5,0,9.42147,-0.742886,-4.98665,0.00183975
1,1,0,5,0,9.42138,-0.742854,-4.98665,0.00183975
1,1,0,5,0,9.42069,-0.742815,-4.98665,0.00183975
1,1,0,5,0,9.41979,-0.74283,-4.98665,0.00183975
1,1,0,5,0,9.41977,-0.742795,-4.98665,0.00183975
1,1,0,5,0,9.4214,-0.742753,-4.98665,0.00183975
1,1,0,5,0,9.42287,-0.742749,-4.98665,0.00183975
1,1,0,5,0,9.42386,-0.742699,-4.98665,0.00183975
1,1,0,5,0,9.42428,-0.742676,-4.98665,0.00183975
1,1,0,5,0,9.42333,-0.742729,-4.98665,0.00183975
1,1,0,5,0,9.42197,-0.742745,-4.98665,0.00183975
1,1,0,5,0,9.42064,-0.742821,-4.98665,0.00183975
1,1,0,5,0,9.42106,-0.742806,-4.98665,0.00183975
1,1,0,5,0,9.42189,-0.742715,-4.98665,0.00183975
1,1,0,5,0,9.42238,-0.742693,-4.98665,0.00183975
1,1,0,5,0,9.42262,-0.742676,-4.98665,0.00183975
1,1,0,5,0,9.42227,-0.742598,-4.98665,0.00183975
1,1,0,5,0,9.42103,-0.74258,-4.98665,0.00183975
1,1,0,5,0,9.421,-0.742616,-4.98665,0.00183975
1,1,0,5,0,9.42191,-0.742577,-4.98665,0.00183975
1,1,0,5,0,9.4218,-0.742721,-4.98665,0.00183975
1,1,0,5,0,9.42175,-0.742874,-4.98665,0.00183975
1,1,0,5,0,9.42157,-0.742892,-4.98665,0.00183975
1,1,0,5,0,9.42075,-0.742891,-4.98665,0.00183975
1,1,0,5,0,9.42108,-0.742907,-4.98665,0.00183975
1,1,0,5,0,9.42077,-0.742867,-4.98665,0.00183975
1,1,0,5,0,9.42115,-0.742817,-4.98665,0.00183975
1,1,0,5,0,9.42126,-0.742748,-4.98665,0.00183975
1,1,0,5,0,9.42002,-0.742777,-4.98665,0.00183975
1,1,0,5,0,9.41938,-0.742705,-4.98665,0.00183975
1,1,0,5,0,9.41863,-0.742609,-4.98665,0.00183975
1,1,0,5,0,9.41839,-0.742538,-4.98665,0.00183975
1,1,0,5,0,9.41818,-0.742522,-4.98665,0.00183975
1,1,0,5,0,9.41737,-0.742598,-4.98665,0.00183975
1,1,0,5,0,9.41759,-0.742655,-4.98665,0.00183975
1,1,0,5,0,9.41692,-0.742786,-4.98665,0.00183975
1,1,0,5,0,9.41574,-0.743013,-4.98665,0.00183975
1,1,0,5,0,9.4159,-0.742981,-4.98665,0.00183975
1,1,0,5,0,9.41647,-0.742926,-4.98665,0.00183975
1,1,0,5,0,9.4166,-0.742995,-4.98665,0.00183975
1,1,0,5,0,9.41648,-0.742884,-4.98665,0.00183975
1,1,0,5,0,9.41659,-0.742953,-4.98665,0.00183975
1,1,0,5,0,9.41652,-0.743009,-4.98665,0.00183975
1,1,0,5,0,9.41604,-0.742916,-4.98665,0.00183975
1,1,0,5,0,9.41744,-0.742771,-4.98665,0.00183975
1,1,0,5,0,9.41867,-0.742721,-4.98665,0.00183975
1,1,0,5,0,9.4187,-0.742775,-4.98665,0.00183975
1,1,0,5,0,9.41856,-0.742924,-4.98665,0.00183975
1,1,0,5,0,9.41707,-0.743168,-4.98665,0.00183975
1,1,0,5,0,9.416,-0.7432,-4.98665,0.00183975
1,1,0,5,0,9.41528,-0.743087,-4.98665,0.00183975
1,1,0,5,0,9.4152,-0.742991,-4.98665,0.00183975
1,1,0,5,0,9.41628,-0.742852,-4.98665,0.00183975
1,1,0,5,0,9.41767,-0.742778,-4.98665,0.00183975
1,1,0,5,0,9.41857,-0.742809,-4.98665,0.00183975
1,1,0,5,0,9.4189,-0.742792,-4.98665,0.00183975
1,1,0,5,0,9.41794,-0.742811,-4.98665,0.00183975
1,1,0,5,0,9.41692,-0.742896,-4.98665,0.00183975
1,1,0,5,0,9.41532,-0.742972,-4.98665,0.00183975
1,1,0,5,0,9.41384,-0.743026,-4.98665,0.00183975
1,1,0,5,0,9.41377,-0.742976,-4.98665,0.00183975
1,1,0,5,0,9.41432,-0.742876,-4.98665,0.00183975
1,1,0,5,0,9.41423,-0.74281,-4.98665,0.00183975
1,1,0,5,0,9.41456,-0.742819,-4.98665,0.00183975
1,1,0,5,0,9.41455,-0.742904,-4.98665,0.00183975
1,1,0,5,0,9.41483,-0.742929,-4.98665,0.00183975
1,1,0,5,0,9.41498,-0.742925,-4.98665,0.00183975
1,1,0,5,0,9.41511,-0.743016,-4.98665,0.00183975
1,1,0,5,0,9.41551,-0.742958,-4.98665,0.00183975
1,1,0,5,0,9.41632,-0.742967,-4.98665,0.00183975
1,1,0,5,0,9.41635,-0.743034,-4.98665,0.00183975
1,1,0,5,0,9.41616,-0.743034,-4.98665,0.00183975
1,1,0,5,0,9.41683,-0.74288,-4.98665,0.00183975
1,1,0,5,0,9.41666,-0.742844,-4.98665,0.00183975
1,1,0,5,0,9.41505,-0.742862,-4.98665,0.00183975
1,1,0,5,0,9.41465,-0.742827,-4.98665,0.00183975
1,1,0,5,0,9.41568,-0.742835,-4.98665,0.00183975
1,1,0,5,0,9.41515,-0.742883,-4.98665,0.00183975
1,1,0,5,0,9.41528,-0.742934,-4.98665,0.00183975
1,1,0,5,0,9.41609,-0.742897,-4.98665,0.00183975
1,1,0,5,0,9.41636,-0.742863,-4.98665,0.00183975
1,1,0,5,0,9.41579,-0.742943,-4.98665,0.00183975
1,1,0,5,0,9.41595,-0.743033,-4.98665,0.00183975
1,1,0,5,0,9.41626,-0.742984,-4.98665,0.00183975
1,1,0,5,0,9.41605,-0.74306,-4.98665,0.00183975
1,1,0,5,0,9.41572,-0.743171,-4.98665,0.00183975
1,1,0,5,0,9.4155,-0.743134,-4.98665,0.00183975
1,1,0,5,0,9.41538,-0.743113,-4.98665,0.00183975
1,1,0,5,0,9.41636,-0.743045,-4.98665,0.00183975
1,1,0,5,0,9.41796,-0.742844,-4.98665,0.00183975
1,1,0,5,0,9.41906,-0.742715,-4.98665,0.00183975
1,1,0,5,0,9.41936,-0.742701,-4.98665,0.00183975
1,1,0,5,0,9.41887,-0.74274,-4.98665,0.00183975
1,1,0,5,0,9.41765,-0.74285,-4.98665,0.00183975
1,1,0,5,0,9.41667,-0.743,-4.98665,0.00183975
1,1,0,5,0,9.41629,-0.743001,-4.98665,0.00183975
1,1,0,5,0,9.41596,-0.742991,-4.98665,0.00183975
1,1,0,5,0,9.41535,-0.743035,-4.98665,0.00183975
1,1,0,5,0,9.41541,-0.743019,-4.98665,0.00183975
1,1,0,5,0,9.41629,-0.742979,-4.98665,0.00183975
1,1,0,5,0,9.41751,-0.742969,-4.98665,0.00183975
1,1,0,5,0,9.41831,-0.742955,-4.98665,0.00183975
1,1,0,5,0,9.41818,-0.743025,-4.98665,0.00183975
1,1,0,5,0,9.41718,-0.74316,-4.98665,0.00183975
1,1,0,5,0,9.41588,-0.743191,-4.98665,0.00183975
1,1,0,5,0,9.41556,-0.743237,-4.98665,0.00183975
1,1,0,5,0,9.41662,-0.743121,-4.98665,0.00183975
1,1,0,5,0,9.41748,-0.742946,-4.98665,0.00183975
1,1,0,5,0,9.41754,-0.742941,-4.98665,0.00183975
1,1,0,5,0,9.41767,-0.743022,-4.98665,0.00183975
1,1,0,5,0,9.417,-0.743076,-4.98665,0.00183975
1,1,0,5,0,9.4169,-0.743145,-4.98665,0.00183975
1,1,0,5,0,9.41669,-0.743243,-4.98665,0.00183975
1,1,0,5,0,9.41625,-0.743208,-4.98665,0.00183975
1,1,0,5,0,9.41673,-0.743136,-4.98665,0.00183975
1,1,0,5,0,9.41631,-0.743137,-4.98665,0.00183975
1,1,0,5,0,9.41587,-0.743184,-4.98665,0.00183975
1,1,0,5,0,9.41647,-0.743083,-4.98665,0.00183975
1,1,0,5,0,9.4175,-0.743069,-4.98665,0.00183975
1,1,0,5,0,9.41675,-0.743048,-4.98665,0.00183975
1,1,0,5,0,9.41683,-0.743046,-4.98665,0.00183975
1,1,0,5,0,9.41752,-0.74298,-4.98665,0.00183975
1,1,0,5,0,9.41765,-0.743005,-4.98665,0.00183975
1,1,0,5,0,9.41733,-0.743056,-4.98665,0.00183975
1,1,0,5,0,9.41854,-0.743053,-4.98665,0.00183975
1,1,0,5,0,9.41898,-0.742994,-4.98665,0.00183975
1,1,0,5,0,9.41814,-0.742947,-4.98665,0.00183975
1,1,0,5,0,9.41772,-0.743004,-4.98665,0.00183975
1,1,0,5,0,9.41794,-0.742864,-4.98665,0.00183975
1,1,0,5,0,9.41712,-0.742744,-4.98665,0.00183975
1,1,0,5,0,9.4166,-0.742792,-4.98665,0.00183975
1,1,0,5,0,9.41625,-0.742854,-4.98665,0.00183975
1,1,0,5,0,9.41598,-0.742915,-4.98665,0.00183975
1,1,0,5,0,9.41627,-0.74298,-4.98665,0.00183975
1,1,0,5,0,9.41644,-0.742974,-4.98665,0.00183975
1,1,0,5,0,9.41654,-0.742946,-4.98665,0.00183975
1,1,0,5,0,9.41679,-0.742925,-4.98665,0.00183975
1,1,0,5,0,9.41631,-0.743034,-4.98665,0.00183975
1,1,0,5,0,9.41554,-0.743175,-4.98665,0.00183975
1,1,0,5,0,9.41568,-0.74332,-4.98665,0.00183975
1,1,0,5,0,9.4165,-0.743321,-4.98665,0.00183975
1,1,0,5,0,9.41752,-0.743208,-4.98665,0.00183975
1,1,0,5,0,9.41817,-0.743079,-4.98665,0.00183975
1,1,0,5,0,9.41812,-0.743103,-4.98665,0.00183975
1,1,0,5,0,9.41771,-0.743109,-4.98665,0.00183975
1,1,0,5,0,9.41685,-0.743118,-4.98665,0.00183975
1,1,0,5,0,9.41602,-0.743266,-4.98665,0.00183975
1,1,0,5,0,9.41568,-0.743325,-4.98665,0.00183975
1,1,0,5,0,9.41581,-0.743184,-4.98665,0.00183975
1,1,0,5,0,9.41606,-0.743109,-4.98665,0.00183975
1,1,0,5,0,9.41669,-0.742999,-4.98665,0.00183975
1,1,0,5,0,9.41787,-0.742758,-4.98665,0.00183975
1,1,0,5,0,9.41849,-0.742714,-4.98665,0.00183975
1,1,0,5,0,9.41877,-0.742738,-4.98665,0.00183975
1,1,0,5,0,9.41821,-0.742755,-4.98665,0.00183975
1,1,0,5,0,9.41795,-0.74277,-4.98665,0.00183975
1,1,0,5,0,9.41765,-0.742773,-4.98665,0.00183975
1,1,0,5,0,9.41742,-0.742849,-4.98665,0.00183975
1,1,0,5,0,9.41702,-0.742925,-4.98665,0.00183975
1,1,0,5,0,9.41689,-0.74294,-4.98665,0.00183975
1,1,0,5,0,9.41653,-0.743119,-4.98665,0.00183975
1,1,0,5,0,9.41637,-0.743239,-4.98665,0.00183975
1,1,0,5,0,9.41639,-0.743156,-4.98665,0.00183975
1,1,0,5,0,9.41732,-0.743112,-4.98665,0.00183975
1,1,0,5,0,9.41686,-0.74313,-4.98665,0.00183975
1,1,0,5,0,9.4162,-0.743027,-4.98665,0.00183975
1,1,0,5,0,9.41729,-0.74301,-4.98665,0.00183975
1,1,0,5,0,9.41711,-0.743103,-4.98665,0.00183975
1,1,0,5,0,9.41662,-0.743144,-4.98665,0.00183975
1,1,0,5,0,9.41783,-0.743048,-4.98665,0.00183975
1,1,0,5,0,9.41798,-0.74304,-4.98665,0.00183975
1,1,0,5,0,9.41746,-0.74305,-4.98665,0.00183975
1,1,0,5,0,9.41752,-0.743042,-4.98665,0.00183975
1,1,0,5,0,9.41783,-0.743055,-4.98665,0.00183975
1,1,0,5,0,9.41718,-0.743073,-4.98665,0.00183975
1,1,0,5,0,9.41685,-0.742984,-4.98665,0.00183975
1,1,0,5,0,9.41727,-0.742871,-4.98665,0.00183975
1,1,0,5,0,9.41801,-0.742743,-4.98665,0.00183975
1,1,0,5,0,9.41826,-0.742729,-4.98665,0.00183975
1,1,0,5,0,9.41844,-0.742946,-4.98665,0.00183975
1,1,0,5,0,9.4179,-0.743094,-4.98665,0.00183975
1,1,0,5,0,9.41657,-0.743218,-4.98665,0.00183975
1,1,0,5,0,9.41546,-0.743252,-4.98665,0.00183975
1,1,0,5,0,9.41469,-0.743156,-4.98665,0.00183975
1,1,0,5,0,9.41551,-0.742952,-4.98665,0.00183975
1,1,0,5,0,9.41681,-0.742894,-4.98665,0.00183975
1,1,0,5,0,9.4178,-0.742847,-4.98665,0.00183975
1,1,0,5,0,9.41827,-0.742843,-4.98665,0.00183975
1,1,0,5,0,9.41834,-0.742892,-4.98665,0.00183975
1,1,0,5,0,9.41745,-0.742967,-4.98665,0.00183975
1,1,0,5,0,9.41654,-0.743064,-4.98665,0.00183975
1,1,0,5,0,9.41618,-0.743115,-4.98665,0.00183975
1,1,0,5,0,9.41746,-0.743075,-4.98665,0.00183975
1,1,0,5,0,9.41815,-0.742978,-4.98665,0.00183975
1,1,0,5,0,9.41878,-0.742871,-4.98665,0.00183975
1,1,0,5,0,9.41904,-0.742773,0,0
1,1,0,5,0,9.41886,-0.742777,0,0
1,1,0,5,0,8.10118,-0.638797,0,0
1,1,0,5,0,5.8413,-0.460533,0,0
1,1,0,5,0,3.7696,-0.297184,0,0
1,1,0,5,0,1.69849,-0.133812,0,0
1,1,0,5,0,0.00395166,-5.33431e-05,0,0
1,1,0,5,0,0.00308,-6.34692e-05,0,0
1,1,0,5,0,0.00302893,-9.11458e-05,0,0
1,1,0,5,0,0.0027401,-2.1742e-07,0,0
1,1,0,5,0,0.00265078,1.86303e-05,0,0
1,1,0,5,0,0.00213323,-8.66828e-05,0,0
1,1,0,5,0,0.00161344,-3.26408e-05,0,0
1,1,0,5,0,0.00197786,-2.52063e-06,0,0
1,1,0,5,0,0.002737,1.00359e-07,0,0
1,1,0,5,0,0.00195941,-8.02176e-05,0,0
1,1,0,5,0,0.00139356,-8.26743e-05,0,0
1,1,0,5,0,0.00187246,-6.94071e-05,0,0
1,1,0,5,0,0.00119222,-7.52626e-05,0,0
1,1,0,5,0,0.000992421,-5.14459e-05,0,0
1,1,0,5,0,0.00193875,2.15922e-05,0,0
1,1,0,5,0,0.00209918,7.67095e-06,0,0
1,1,0,5,0,0.00190419,0.000121568,0,0
1,1,0,5,0,0.00250013,0.00023202,0,0
1,1,0,5,0,0.00208131,0.000201303,0,0
1,1,0,5,0,0.00190433,0.000126265,0,0
1,1,0,5,0,0.0018396,1.6579e-05,0,0
1,1,0,5,0,0.00277676,-5.54135e-05,0,0
1,1,0,5,0,0.00319526,-0.000147273,0,0
1,1,0,5,0,0.00311274,-0.000108538,0,0
1,1,0,5,0,0.0029861,-5.03796e-05,0,0
1,1,0,5,0,0.00208715,-7.51126e-05,0,0
1,1,0,5,0,0.00115743,-7.84888e-05,0,0
1,1,0,5,0,0.00104765,-0.000143958,0,0
1,1,0,5,0,0.00158505,-0.000147391,0,0
1,1,0,5,0,0.00252919,-0.000103661,0,0
1,1,0,5,0,0.00383899,-2.35352e-05,0,0
1,1,0,5,0,0.00384245,-3.52247e-05,0,0
1,1,0,5,0,0.00377409,-3.23487e-05,0,0
1,1,0,5,0,0.0026778,-0.000116437,0,0
1,1,0,5,0,0.00134792,-0.00025632,0,0
1,1,0,5,0,0.000821725,-0.000287401,0,0
1,1,0,5,0,0.000926638,-0.000271983,0,0
1,1,0,5,0,0.00193772,-0.000316591,0,0
1,1,0,5,0,0.00313685,-0.00027518,0,0
1,1,0,5,0,0.00390873,-0.000266117,0,0
1,1,0,5,0,0.00451008,-0.000247412,0,0
1,1,0,5,0,0.00445401,-0.000175392,0,0
1,1,0,5,0,0.00323777,-0.000139503,0,0
1,1,0,5,0,0.00297754,-0.000133597,0,0
1,1,0,5,0,0.00259779,-7.02931e-05,0,0
1,1,0,5,0,0.0017686,-4.83796e-05,0,0
1,1,0,5,0,0.00168232,6.60959e-05,0,0
1,1,0,5,0,0.0025671,8.40024e-05,0,0
1,1,0,5,0,0.0016733,2.44264e-05,0,0
1,1,0,5,0,0.00162402,3.24502e-05,0,0
1,1,0,5,0,0.00230016,0.000177223,0,0
1,1,0,5,0,0.00230661,0.00021654,0,0
1,1,0,5,0,0.00156235,0.000195784,0,0
1,1,0,5,0,0.00190852,0.000122875,0,0
1,1,0,5,0,0.00234551,-6.73231e-05,0,0
1,1,0,5,0,0.00138129,-0.000247222,0,0
1,1,0,5,0,0.00134368,-0.000265229,0,0
1,1,0,5,0,0.00268959,-0.00020718,0,0
1,1,0,5,0,0.00302424,-8.659e-05,0,0
1,1,0,5,0,0.00266382,-6.01839e-05,0,0
1,1,0,5,0,0.00338157,-9.61572e-05,0,0
1,1,0,5,0,0.00274293,-6.40123e-05,0,0
1,1,0,5,0,0.00146995,-0.000162944,0,0
1,1,0,5,0,0.00118424,-0.000169689,0,0
1,1,0,5,0,0.0018103,-0.00014399,0,0
1,1,0,5,0,0.00224909,-0.00015713,0,0
1,1,0,5,0,0.00228743,-0.000108298,0,0
1,1,0,5,0,0.00268491,-4.09623e-05,0,0
1,1,0,5,0,0.00262767,-3.49374e-05,0,0
1,1,0,5,0,0.00210128,-5.1001e-05,0,0
1,1,0,5,0,0.00282617,2.01374e-05,0,0
1,1,0,5,0,0.00331383,-6.68656e-05,0,0
1,1,0,5,0,0.00299063,-0.000132777,0,0
1,1,0,5,0,0.00272603,-0.000136529,0,0
1,1,0,5,0,0.00174077,-0.000293669,0,0
1,1,0,5,0,0.00101054,-0.000397048,0,0
1,1,0,5,0,0.00126318,-0.000418975,0,0
1,1,0,5,0,0.00203361,-0.000345699,0,0
1,1,0,5,0,0.00380788,-0.000182535,0,0
1,1,0,5,0,0.00510032,-5.30309e-05,0,0
1,1,0,5,0,0.00622779,5.70167e-05,0,0
1,1,0,5,0,0.00625453,2.8993e-05,0,0
1,1,0,5,0,0.00516951,-8.77243e-05,0,0
1,1,0,5,0,0.00414083,-0.000204621,0,0
1,1,0,5,0,0.00342498,-0.000325866,0,0
1,1,0,5,0,0.00427082,-0.000361473,0,0
1,1,0,5,0,0.00522158,-0.000329857,0,0
1,1,0,5,0,0.00517209,-0.000341093,0,0
1,1,0,5,0,0.00450164,-0.00032786,0,0
1,1,0,5,0,0.00371201,-0.000377794,0,0
1,1,0,5,0,0.00356664,-0.000376125,0,0
1,1,0,5,0,0.00367982,-0.000252105,0,0
1,1,0,5,0,0.00376172,-0.00021094,0,0
1,1,0,5,0,0.00398454,-0.000135807,0,0
1,1,0,5,0,0.00334321,-3.90615e-05,0,0
1,1,0,5,0,0.00194968,-0.000166541,0,0
1,1,0,5,0,0.00243971,-0.000127,0,0
1,1,0,5,0,0.00224548,-0.000177327,0,0
1,1,0,5,0,0.00157055,-0.000330177,0,0
1,1,0,5,0,0.00211862,-0.000337534,0,0
1,1,0,5,0,0.00183976,-0.000345012,0,0
1,1,0,5,0,0.000878231,-0.000420075,0,0
1,1,0,5,0,0.0012907,-0.000336884,0,0
1,1,0,5,0,0.000987472,-0.000264712,0,0
1,1,0,5,0,0.000669113,-0.000280647,0,0
1,1,0,5,0,0.00153857,-0.000292988,0,0
1,1,0,5,0,0.00270695,-0.000259313,0,0
1,1,0,5,0,0.00225434,-0.000353167,0,0
1,1,0,5,0,0.00219663,-0.000493851,0,0
1,1,0,5,0,0.00257012,-0.000456241,0,0
1,1,0,5,0,0.00226714,-0.000351874,0,0
1,1,0,5,0,0.00212164,-0.00031677,0,0
1,1,0,5,0,0.002388,-0.000234019,0,0
1,1,0,5,0,0.00235695,-0.000273966,0,0
1,1,0,5,0,0.00196791,-0.000316057,0,0
1,1,0,5,0,0.00256024,-0.000361953,0.00275963,0
1,1,0,5,0,0.034928,0.00148758,0.0288841,-0.000183975
1,1,0,5,0,0.0983498,0.00527007,0.0642074,-0.000183975
1,1,0,5,0,0.160797,0.0094111,0.104682,-0.000183975
1,1,0,5,0,0.224936,0.0131724,0.150492,-0.000183975
1,1,0,5,0,0.277109,0.0170597,0.189862,-0.000183975
1,1,0,5,0,0.287156,0.0189903,0.232177,-0.000183975
1,1,0,5,0,0.28959,0.0192693,0.276147,-0.000183975
1,1,0,5,0,0.303671,0.0202714,0.318645,-0.000183975
1,1,0,5,0,0.313915,0.0212814,0.360959,-0.000183975
1,1,0,5,0,0.306031,0.0205348,0.40493,-0.000183975
1,1,0,5,0,0.301968,0.0198124,0.450555,-0.000183975
1,1,0,5,0,0.291982,0.0194275,0.497469,-0.000183975
1,1,0,5,0,0.278463,0.0184137,0.543279,-0.000183975
1,1,0,5,0,0.273319,0.0178735,0.588721,-0.000183975
1,1,0,5,0,0.279035,0.0186335,0.633243,-0.000183975
1,1,0,5,0,0.284079,0.0192776,0.677213,-0.000183975
1,1,0,5,0,0.279751,0.019498,0.725414,-0.000183975
1,1,0,5,0,0.282192,0.0203362,0.769201,-0.000183975
1,1,0,5,0,0.278822,0.0202835,0.810411,-0.000183975
1,1,0,5,0,0.267985,0.0198394,0.858612,-0.000183975
1,1,0,5,0,0.270468,0.0190758,0.896143,-0.000183975
1,1,0,5,0,0.271379,0.0189683,0.946921,-0.000183975
1,1,0,5,0,0.271157,0.0190899,0.989051,-0.000183975
1,1,0,5,0,0.276099,0.0193198,1.03265,-0.000183975
1,1,0,5,0,0.279759,0.019865,1.07791,-0.000183975
1,1,0,5,0,0.284761,0.0205399,1.11894,-0.000183975
1,1,0,5,0,0.288687,0.0204125,1.16585,-0.000183975
1,1,0,5,0,0.290292,0.0204405,1.21276,-0.000183975
1,1,0,5,0,0.283581,0.0198644,1.2571,-0.000183975
1,1,0,5,0,0.278821,0.0192952,1.29555,-0.000183975
1,1,0,5,0,0.271344,0.019263,1.34118,-0.000183975
1,1,0,5,0,0.267747,0.01846,1.39067,-0.000183975
1,1,0,5,0,0.269504,0.0183823,1.43537,-0.000183975
1,1,0,5,0,0.27372,0.0186877,1.47934,-0.000183975
1,1,0,5,0,0.277878,0.018484,1.52479,-0.000183975
1,1,0,5,0,0.275912,0.0184876,1.56802,-0.000183975
1,1,0,5,0,0.274,0.0189207,1.61309,-0.000183975
1,1,0,5,0,0.28019,0.0186789,1.65357,-0.000183975
1,1,0,5,0,0.285962,0.0186037,1.69828,-0.000183975
1,1,0,5,0,0.291179,0.0193944,1.74813,-0.000183975
1,1,0,5,0,0.294259,0.0198735,1.79118,-0.000183975
1,1,0,5,0,0.300198,0.0212857,1.83699,-0.000183975
1,1,0,5,0,0.304262,0.0230675,1.8863,-0.000183975
1,1,0,5,0,0.302766,0.0235902,1.92714,-0.000183975
1,1,0,5,0,0.308177,0.0241323,1.97093,-0.000183975
1,1,0,5,0,0.308758,0.0246536,2.01324,-0.000183975
1,1,0,5,0,0.308888,0.0259634,2.05556,-0.000183975
1,1,0,5,0,0.309146,0.0267488,2.10192,-0.000183975
1,1,0,5,0,0.309479,0.0278021,2.15141,-0.000183975
1,1,0,5,0,0.315125,0.0292048,2.19115,-0.000183975
1,1,0,5,0,0.316586,0.0291393,2.23585,-0.000183975
1,1,0,5,0,0.31537,0.0285966,2.27945,-0.000183975
1,1,0,5,0,0.324221,0.0299047,2.326,-0.000183975
1,1,0,5,0,0.345927,0.0313804,2.37365,-0.000183975
1,1,0,5,0,0.361853,0.0320777,2.42167,-0.000183975
1,1,0,5,0,0.391838,0.0337351,2.46674,-0.000183975
1,1,0,5,0,0.399338,0.0341976,2.50611,-0.000183975
1,1,0,5,0,0.386894,0.0336987,2.55523,-0.000183975
1,1,0,5,0,0.378535,0.0338187,2.59773,-0.000183975
1,1,0,5,0,0.361039,0.0334143,2.64041,-0.000183975
1,1,0,5,0,0.351768,0.0331899,2.68475,-0.000183975
1,1,0,5,0,0.362764,0.0334647,2.73074,-0.000183975
1,1,0,5,0,0.36868,0.0323478,2.77876,-0.000183975
1,1,0,5,0,0.377613,0.0317528,2.82089,-0.000183975
1,1,0,5,0,0.38477,0.0316572,2.86909,-0.000183975
1,1,0,5,0,0.384983,0.0309259,2.91601,-0.000183975
1,1,0,5,0,0.383306,0.0317025,2.96108,-0.000183975
1,1,0,5,0,0.38474,0.0327801,3.00689,-0.000183975
1,1,0,5,0,0.384477,0.0334286,3.0516,-0.000183975
1,1,0,5,0,0.394722,0.0354496,3.09796,-0.000183975
1,1,0,5,0,0.398471,0.0369683,3.14027,-0.000183975
1,1,0,5,0,0.40462,0.0381305,3.18498,-0.000183975
1,1,0,5,0,0.410191,0.038881,3.22877,-0.000183975
1,1,0,5,0,0.412032,0.0389254,3.26832,-0.000183975
1,1,0,5,0,0.422437,0.0379303,3.31487,-0.000183975
1,1,0,5,0,0.432021,0.0377204,3.35424,-0.000183975
1,1,0,5,0,0.442773,0.0373055,3.40814,-0.000183975
1,1,0,5,0,0.456795,0.0383826,3.44788,-0.000183975
1,1,0,5,0,0.455924,0.0394568,3.49203,-0.000183975
1,1,0,5,0,0.463889,0.0410731,3.54116,-0.000183975
1,1,0,5,0,0.48373,0.0437337,3.58255,-0.000367951
1,1,0,5,0,0.500483,0.0455148,3.63241,-0.000367951
1,1,0,5,0,0.507979,0.0457334,3.68282,-0.000367951
1,1,0,5,0,0.517207,0.0459127,3.72237,-0.000367951
1,1,0,5,0,0.508288,0.044497,3.7691,-0.000367951
1,1,0,5,0,0.497661,0.0436805,3.80902,-0.000367951
1,1,0,5,0,0.501115,0.0439602,3.85299,-0.000367951
1,1,0,5,0,0.506147,0.0449065,3.8942,-0.000367951
1,1,0,5,0,0.519796,0.0472769,3.94038,-0.000367951
1,1,0,5,0,0.549707,0.0499586,3.97994,-0.000367951
1,1,0,5,0,0.55979,0.05182,4.02519,-0.000367951
1,1,0,5,0,0.569175,0.0540718,4.06806,-0.000367951
1,1,0,5,0,0.594748,0.0559179,4.11019,-0.000367951
1,1,0,5,0,0.590093,0.0557937,4.15471,-0.000367951
1,1,0,5,0,0.575617,0.0544785,4.20347,-0.000367951
1,1,0,5,0,0.576492,0.0535386,4.24541,-0.000367951
1,1,0,5,0,0.57157,0.0524156,4.28846,-0.000367951
1,1,0,5,0,0.568196,0.0519992,4.33593,-0.000367951
1,1,0,5,0,0.578993,0.0521064,4.37769,-0.000367951
1,1,0,5,0,0.593883,0.0527721,4.42534,-0.000367951
1,1,0,5,0,0.598064,0.0521666,4.44411,-0.000367951
1,1,0,5,0,0.598596,0.0518103,4.5188,-0.000183975
1,1,0,5,0,0.602196,0.050105,4.56479,-0.000183975
1,1,0,5,0,0.613868,0.0500244,4.60895,-0.000183975
1,1,0,5,0,0.62238,0.0506546,4.64685,-0.000183975
1,1,0,5,0,0.623458,0.0509117,4.67205,-0.000183975
1,1,0,5,0,0.632148,0.0517346,4.67481,-0.000367951
1,1,0,5,0,0.62232,0.0504558,4.67702,-0.000367951
1,1,0,5,0,0.617576,0.0489868,4.67591,-0.000367951
1,1,0,5,0,0.607524,0.0470471,4.68088,-0.000367951
1,1,0,5,0,0.625342,0.0467798,4.68015,-0.000367951
1,1,0,5,0,0.612283,0.0470867,4.68677,-0.000367951
1,1,0,5,0,0.618377,0.0476843,4.68695,-0.000367951
1,1,0,5,0,0.625651,0.047921,4.69486,-0.000367951
1,1,0,5,0,0.602779,0.0467655,4.70406,-0.000367951
1,1,0,5,0,0.586405,0.044113,4.7037,-0.000183975
1,1,0,5,0,0.602856,0.0434064,4.70553,-0.000183975
1,1,0,5,0,0.580629,0.0425505,4.70958,-0.000183975
1,1,0,5,0,0.576522,0.0422206,4.71584,-0.000183975
1,1,0,5,0,0.594667,0.0437541,4.7243,-0.000183975
1,1,0,5,0,0.586853,0.0438979,4.73387,-0.000183975
1,1,0,5,0,0.578319,0.0438245,4.7335,-0.000183975
1,1,0,5,0,0.586075,0.0446701,4.73699,-0.000183975
1,1,0,5,0,0.604612,0.0455669,4.73699,-0.000183975
1,1,0,5,0,0.612736,0.0483489,4.74288,-0.000183975
1,1,0,5,0,0.619741,0.050864,4.74638,-0.000183975
1,1,0,5,0,0.607519,0.0514611,4.7576,-0.000183975
1,1,0,5,0,0.618375,0.0521379,4.74509,-0.000183975
1,1,0,5,0,0.585588,0.0518551,4.76588,-0.000183975
1,1,0,5,0,0.59352,0.0509229,4.76441,-0.000183975
1,1,0,5,0,0.595381,0.0487176,4.77324,-0.000183975
1,1,0,5,0,0.603878,0.0492006,4.77489,-0.000183975
1,1,0,5,0,0.605434,0.0464559,4.78225,-0.000183975
1,1,0,5,0,0.613222,0.046192,4.77489,-0.000183975
1,1,0,5,0,0.637254,0.0479395,4.77931,-0.000183975
1,1,0,5,0,0.622758,0.0486671,4.78851,-0.000183975
1,1,0,5,0,0.642995,0.049278,4.78556,-0.000183975
1,1,0,5,0,0.63433,0.0490579,4.79458,-0.000183975
1,1,0,5,0,0.607743,0.0478738,4.7966,-0.000183975
1,1,0,5,0,0.596316,0.0467434,4.80635,-0.000183975
1,1,0,5,0,0.579318,0.0467148,4.81187,-0.000183975
1,1,0,5,0,0.582938,0.0475488,4.8104,-0.000183975
1,1,0,5,0,0.604379,0.0496036,4.81445,-0.000183975
1,1,0,5,0,0.605203,0.0484232,4.81555,-0.000183975
1,1,0,5,0,0.606973,0.0476829,4.81371,-0.000183975
1,1,0,5,0,0.607789,0.0486547,4.8345,-0.000183975
1,1,0,5,0,0.609204,0.0470873,4.83229,-0.000183975
1,1,0,5,0,0.617757,0.0460678,4.83781,-0.000183975
1,1,0,5,0,0.633023,0.0479802,4.8483,-0.000183975
1,1,0,5,0,0.639957,0.0470632,4.84628,-0.000183975
1,1,0,5,0,0.627344,0.0470476,4.85014,-0.000183975
1,1,0,5,0,0.6624,0.0486247,4.83947,-0.000183975
1,1,0,5,0,0.670746,0.051371,4.84628,-0.000183975
1,1,0,5,0,0.681952,0.0517449,4.85327,-0.000367951
1,1,0,5,0,0.691381,0.0528398,4.84922,-0.000367951
1,1,0,5,0,0.683992,0.0534309,4.84996,-0.000367951
1,1,0,5,0,0.661089,0.0515747,4.84278,-0.000367951
1,1,0,5,0,0.647742,0.0506989,4.86651,-0.000367951
1,1,0,5,0,0.652924,0.0504459,4.85713,-0.000367951
1,1,0,5,0,0.644635,0.0486752,4.88234,-0.000367951
1,1,0,5,0,0.63689,0.0462475,4.88068,-0.000367951
1,1,0,5,0,0.647238,0.0429072,4.87718,-0.000367951
1,1,0,5,0,0.635307,0.0403199,4.88307,-0.000183975
1,1,0,5,0,0.632385,0.0370496,4.88086,-0.000183975
1,1,0,5,0,0.628743,0.0370708,4.87921,-0.000183975
1,1,0,5,0,0.630093,0.0371521,4.9,-0.000183975
1,1,0,5,0,0.630398,0.0384005,4.90036,-0.000183975
1,1,0,5,0,0.614104,0.0393248,4.90312,-0.000183975
1,1,0,5,0,0.613368,0.0397707,4.90239,-0.000183975
1,1,0,5,0,0.632388,0.0406409,4.89705,-0.000183975
1,1,0,5,0,0.61367,0.0399906,4.90828,-0.000183975
1,1,0,5,0,0.615527,0.0396354,4.90883,-0.000183975
1,1,0,5,0,0.637362,0.0396961,4.90312,-0.000183975
1,1,0,5,0,0.60169,0.0378429,4.9287,-0.000183975
1,1,0,5,0,0.6145,0.039881,4.92667,-0.000183975
1,1,0,5,0,0.632409,0.0434992,4.92318,-0.000183975
1,1,0,5,0,0.650689,0.0455238,4.92851,-0.000183975
1,1,0,5,0,0.654667,0.0474994,4.92815,-0.000183975
1,1,0,5,0,0.652811,0.0479138,4.93532,-0.000183975
1,1,0,5,0,0.661109,0.0456204,4.92594,-0.000183975
1,1,0,5,0,0.656563,0.043163,4.92447,-0.000183975
1,1,0,5,0,0.66471,0.0435352,4.9287,-0.000183975
1,1,0,5,0,0.669115,0.0430775,4.93293,-0.000183975
1,1,0,5,0,0.658294,0.0421859,4.93698,-0.000183975
1,1,0,5,0,0.675587,0.0407548,4.92686,-0.000183975
1,1,0,5,0,0.645162,0.037456,4.95482,-0.000183975
1,1,0,5,0,0.659416,0.0334114,4.96052,-0.000183975
1,1,0,5,0,0.642945,0.031671,4.97028,-0.000183975
1,1,0,5,0,0.647108,0.0302798,4.96568,-0.000183975
1,1,0,5,0,0.618168,0.0268345,4.98352,-0.000183975
1,1,0,5,0,0.649451,0.0272307,4.9642,-0.000183975
1,1,0,5,0,0.657109,0.0276773,4.97009,-0.000183975
1,1,0,5,0,0.671116,0.0264186,4.97763,-0.000183975
1,1,0,5,0,0.679814,0.0266615,4.98407,-0.000183975
1,1,0,5,0,0.655643,0.0263467,4.98573,-0.000183975
1,1,0,5,0,0.64706,0.0247534,-0.00699106,0
1,1,0,5,0,0.633496,0.0224122,-0.00680708,-0.000183975
1,1,0,5,0,0.576512,0.0190405,-0.00680708,-0.000183975
1,1,0,5,0,0.542258,0.0161195,-0.00680708,-0.000183975
1,1,0,5,0,0.505158,0.0135034,-0.00680708,-0.000183975
1,1,0,5,0,0.453498,0.0114454,-0.00680708,-0.000183975
1,1,0,5,0,0.430798,0.0110848,-0.00680708,-0.000183975
1,1,0,5,0,0.420672,0.0116307,-0.00680708,0
1,1,0,5,0,0.411788,0.0125317,-0.00680708,0
1,1,0,5,0,0.407937,0.0146676,-0.00680708,0
1,1,0,5,0,0.404971,0.0164187,-0.00680708,0
1,1,0,5,0,0.404559,0.0182558,-0.00680708,0
1,1,0,5,0,0.403062,0.0195847,-0.00680708,0
1,1,0,5,0,0.401642,0.019953,-0.00680708,0
1,1,0,5,0,0.406127,0.0200676,-0.00680708,0
1,1,0,5,0,0.415245,0.0207189,-0.00680708,0
1,1,0,5,0,0.421014,0.0209818,-0.00680708,0
1,1,0,5,0,0.4238,0.0216782,-0.00680708,0
1,1,0,5,0,0.423111,0.0230057,-0.00680708,0
1,1,0,5,0,0.416777,0.0241254,-0.00680708,0
1,1,0,5,0,0.410558,0.0248964,-0.00680708,0
1,1,0,5,0,0.40547,0.0258695,-0.00680708,0
1,1,0,5,0,0.40692,0.026587,-0.00680708,0
1,1,0,5,0,0.408837,0.0269591,-0.00680708,0
1,1,0,5,0,0.419786,0.0278737,-0.00680708,0
1,1,0,5,0,0.424999,0.0282909,-0.00680708,0
1,1,0,5,0,0.4236,0.0271753,-0.00680708,0
1,1,0,5,0,0.427596,0.0258316,-0.00680708,0
1,1,0,5,0,0.421218,0.0237898,-0.00680708,0
1,1,0,5,0,0.41441,0.0221606,-0.00680708,0
1,1,0,5,0,0.414639,0.0215428,-0.00680708,0
1,1,0,5,0,0.414265,0.0217101,-0.00680708,0
1,1,0,5,0,0.402005,0.0217333,-0.00680708,0
1,1,0,5,0,0.403218,0.0223053,-0.00680708,0
1,1,0,5,0,0.401294,0.0225032,-0.00680708,0
1,1,0,5,0,0.399781,0.0221925,-0.00680708,0
1,1,0,5,0,0.400347,0.0220438,-0.00680708,0
1,1,0,5,0,0.40035,0.0215808,-0.00680708,0
1,1,0,5,0,0.397588,0.0204874,-0.00680708,0
1,1,0,5,0,0.397165,0.0193792,-0.00680708,0
1,1,0,5,0,0.398641,0.0184913,-0.00680708,0
1,1,0,5,0,0.404411,0.0175319,-0.00680708,0
1,1,0,5,0,0.408633,0.0169346,-0.00680708,0
1,1,0,5,0,0.412287,0.0173637,-0.00680708,0
1,1,0,5,0,0.413089,0.0184791,-0.00680708,0
1,1,0,5,0,0.411138,0.019791,-0.00680708,0
1,1,0,5,0,0.405441,0.0212638,-0.00680708,0
1,1,0,5,0,0.398532,0.0216714,-0.00680708,0
1,1,0,5,0,0.395927,0.021348,-0.00680708,0
1,1,0,5,0,0.395899,0.0202766,-0.00680708,0
1,1,0,5,0,0.394014,0.0191765,-0.00680708,0
1,1,0,5,0,0.396542,0.0186138,-0.00680708,0
1,1,0,5,0,0.398649,0.0182855,-0.00680708,0
1,1,0,5,0,0.407744,0.0183869,-0.00680708,0
1,1,0,5,0,0.405683,0.017782,-0.00680708,0
1,1,0,5,0,0.401487,0.0173492,-0.00680708,0
1,1,0,5,0,0.398432,0.016835,-0.00680708,0
1,1,0,5,0,0.389901,0.0163026,-0.00680708,0
1,1,0,5,0,0.393309,0.0168591,-0.00717503,0
1,1,0,5,0,0.447834,0.0209182,-0.00846286,0
1,1,0,5,0,0.525713,0.0267919,-0.00975069,0
1,1,0,5,0,0.600081,0.0331029,-0.0158219,0
1,1,0,5,0,0.667948,0.0396422,-0.0310918,0
1,1,0,5,0,0.710943,0.0444365,-0.0553766,0
1,1,0,5,0,0.704267,0.0459235,-0.0842607,0
1,1,0,5,0,0.687106,0.0461143,-0.124919,0
1,1,0,5,0,0.672949,0.0450821,-0.174409,0
1,1,0,5,0,0.657301,0.0433007,-0.219298,0
1,1,0,5,0,0.650655,0.0414306,-0.258669,0
1,1,0,5,0,0.644092,0.0388222,-0.29896,0
1,1,0,5,0,0.63438,0.0369363,-0.340722,0
1,1,0,5,0,0.627455,0.0359839,-0.384508,0
1,1,0,5,0,0.617761,0.0347223,-0.432526,0
1,1,0,5,0,0.612239,0.0339147,-0.472448,0
1,1,0,5,0,0.602528,0.0324865,-0.514395,0
1,1,0,5,0,0.594768,0.0303277,-0.555973,0
1,1,0,5,0,0.589901,0.0271351,-0.597736,0
1,1,0,5,0,0.58245,0.0240932,-0.642074,0
1,1,0,5,0,0.570397,0.0218065,-0.68586,0
1,1,0,5,0,0.571803,0.0208865,-0.728358,0
1,1,0,5,0,0.57093,0.0213691,-0.7738,0
1,1,0,5,0,0.559642,0.0222185,-0.823289,0
1,1,0,5,0,0.545089,0.0229167,-0.869099,0
1,1,0,5,0,0.539351,0.0231808,-0.911045,0
1,1,0,5,0,0.521736,0.0223882,-0.961455,0
1,1,0,5,0,0.516558,0.0214516,-1.00138,0
1,1,0,5,0,0.524071,0.0208652,-1.04222,0
1,1,0,5,0,0.526624,0.0205878,-1.08711,0
1,1,0,5,0,0.520143,0.0196322,-1.13752,0
1,1,0,5,0,0.51631,0.0189518,-1.1756,0
1,1,0,5,0,0.505545,0.017783,-1.22123,0
1,1,0,5,0,0.490661,0.016135,-1.26612,0
1,1,0,5,0,0.476589,0.0150403,-1.31285,0
1,1,0,5,0,0.470032,0.0147683,-1.35663,0
1,1,0,5,0,0.466337,0.0149518,-1.39784,0
1,1,0,5,0,0.461853,0.0154038,-1.442,0
1,1,0,5,0,0.461121,0.0164085,-1.48413,0
1,1,0,5,0,0.458423,0.0173025,-1.52589,0
1,1,0,5,0,0.452574,0.0180137,-1.56489,0
1,1,0,5,0,0.44016,0.0178647,-1.61696,0
1,1,0,5,0,0.428353,0.0173422,-1.66038,0
1,1,0,5,0,0.419684,0.0162269,-1.70343,0
1,1,0,5,0,0.412485,0.0149247,-1.74445,0
1,1,0,5,0,0.406542,0.0137722,-1.78806,0
1,1,0,5,0,0.408601,0.0142143,-1.83019,0
1,1,0,5,0,0.412199,0.0152894,-1.8782,0
1,1,0,5,0,0.412907,0.0165964,-1.92181,0
1,1,0,5,0,0.408064,0.0176732,-1.96302,0
1,1,0,5,0,0.410586,0.0184985,-2.00459,0
1,1,0,5,0,0.402189,0.0184566,-2.04948,0
1,1,0,5,0,0.395316,0.0184237,-2.09493,0
1,1,0,5,0,0.392995,0.0180556,-2.13963,0
1,1,0,5,0,0.390184,0.0177145,-2.18323,0
1,1,0,5,0,0.38708,0.0173394,-2.22904,0
1,1,0,5,0,0.384174,0.0161991,-2.27577,0
1,1,0,5,0,0.377584,0.0149828,-2.32011,0
1,1,0,5,0,0.374997,0.014568,-2.36739,0
1,1,0,5,0,0.369892,0.0142084,-2.41247,0
1,1,0,5,0,0.364241,0.0142727,-2.4546,0
1,1,0,5,0,0.359273,0.0143286,-2.49562,0
1,1,0,5,0,0.355688,0.0138219,-2.53739,0
1,1,0,5,0,0.34964,0.0132263,-2.58044,0
1,1,0,5,0,0.348879,0.0121838,-2.62698,0
1,1,0,5,0,0.355634,0.0116896,-2.66856,0
1,1,0,5,0,0.352806,0.0120758,-2.714,0
1,1,0,5,0,0.360655,0.0132927,-2.76239,0
1,1,0,5,0,0.374004,0.0140993,-2.80875,-0.000183975
1,1,0,5,0,0.383079,0.0144646,-2.89319,-0.000183975
1,1,0,5,0,0.379465,0.0138411,-2.92833,-0.000183975
1,1,0,5,0,0.375621,0.0139324,-2.98389,-0.000183975
1,1,0,5,0,0.354501,0.0134672,-3.03302,0
1,1,0,5,0,0.346887,0.0144241,-3.07809,0
1,1,0,5,0,0.341614,0.0162236,-3.12648,0
1,1,0,5,0,0.338452,0.0173692,-3.17449,0
1,1,0,5,0,0.331754,0.0194026,-3.22067,0
1,1,0,5,0,0.325419,0.0210789,-3.25986,0
1,1,0,5,0,0.323362,0.0226415,-3.30383,0
1,1,0,5,0,0.324729,0.0241596,-3.34872,0
1,1,0,5,0,0.318259,0.0252743,-3.39637,0
1,1,0,5,0,0.326958,0.0257425,-3.4499,0
1,1,0,5,0,0.330619,0.0258417,-3.48983,0
1,1,0,5,0,0.336607,0.0263362,-3.53453,0
1,1,0,5,0,0.341051,0.0263583,-3.5785,0
1,1,0,5,0,0.344054,0.0256432,-3.62247,0
1,1,0,5,0,0.341373,0.0249442,-3.67012,0
1,1,0,5,0,0.335351,0.0241617,-3.70894,0
1,1,0,5,0,0.327093,0.023188,-3.75236,0
1,1,0,5,0,0.322844,0.0230643,-3.79523,0
1,1,0,5,0,0.322649,0.0232441,-3.83883,0
1,1,0,5,0,0.325071,0.0234797,-3.8839,0
1,1,0,5,0,0.328971,0.0239638,-3.92953,0
1,1,0,5,0,0.329318,0.0233415,-3.97589,0
1,1,0,5,0,0.326325,0.0231329,-4.01986,-0.000183975
1,1,0,5,0,0.329877,0.0232265,-4.05941,-0.000183975
1,1,0,5,0,0.32377,0.0224499,-4.10412,-0.000183975
1,1,0,5,0,0.318214,0.021349,-4.1503,-0.000183975
1,1,0,5,0,0.31823,0.0212268,-4.19188,-0.000183975
1,1,0,5,0,0.308414,0.0206799,-4.2364,-0.000183975
1,1,0,5,0,0.314887,0.0210139,-4.27945,-0.000183975
1,1,0,5,0,0.33847,0.0222695,-4.32544,-0.000183975
1,1,0,5,0,0.350342,0.0238516,-4.36941,-0.000183975
1,1,0,5,0,0.358336,0.024321,-4.41964,-0.000183975
1,1,0,5,0,0.364362,0.0245808,-4.46232,-0.000183975
1,1,0,5,0,0.350822,0.0244871,-4.50243,-0.000183975
1,1,0,5,0,0.334496,0.0240387,-4.54897,-0.000183975
1,1,0,5,0,0.336458,0.0235708,-4.59993,-0.000183975
1,1,0,5,0,0.330734,0.0237741,-4.64133,-0.000183975
1,1,0,5,0,0.342883,0.0250136,-4.69008,-0.000183975
1,1,0,5,0,0.359693,0.0257592,-4.72927,-0.000183975
1,1,0,5,0,0.369965,0.026222,-4.77747,-0.000183975
1,1,0,5,0,0.371108,0.0272573,-4.81831,0
1,1,0,5,0,0.366391,0.0263071,-4.87553,0
1,1,0,5,0,0.363512,0.0257616,-4.91508,0
1,1,0,5,0,0.358199,0.0251257,-4.95887,0
1,1,0,5,0,0.349106,0.0247457,-4.99934,0
1,1,0,5,0,0.348131,0.0246968,-5.04,0
1,1,0,0,0,0.342324,0.0234762,-5.03228,0
1,1,0,0,0,0.310076,0.0213779,-5.00909,0
1,1,0,0,0,0.249686,0.0169999,-5.00229,0
1,1,0,0,0,0.186715,0.0125945,-5.0021,0
1,1,0,0,0,0.120962,0.008393,-5.0021,0
1,1,0,0,0,0.058885,0.00536109,-5.0021,0
1,1,0,0,0,0.0244973,0.00229563,-5.0021,0
1,1,0,0,0,0.0161025,0.00116989,-5.0021,0
1,1,0,0,0,0.0148574,0.00102652,-5.00045,0
1,1,0,0,0,0.0162294,0.00102536,-5.00026,0
1,1,0,0,0,0.0196061,0.00182135,-5.00026,0
1,1,0,0,0,0.0220851,0.00236555,-5.00026,0
1,1,0,0,0,0.0229424,0.00242853,-5.00026,0
1,1,0,0,0,0.0227546,0.00222416,-5.00026,0
1,1,0,0,0,0.0233316,0.00248096,-5.00026,0
1,1,0,0,0,0.0201368,0.00221573,-5.00026,0
1,1,0,0,0,0.0256929,0.00272993,-5.00026,0
1,1,0,0,0,0.0248239,0.00273459,-5.00026,0
1,1,0,0,0,0.0195065,0.00227739,-5.00026,0
1,1,0,0,0,0.0180878,0.00198714,-5.00026,0
1,1,0,0,0,0.0204921,0.00241362,-5.00026,0
1,1,0,0,0,0.0200822,0.00239206,-5.00026,0
1,1,0,0,0,0.0333113,0.00277688,-5.00026,0
1,1,0,0,0,0.0468305,0.00355463,-5.00026,0
1,1,0,0,0,0.0414575,0.00297219,-5.00026,0
1,1,0,0,0,0.0353354,0.00234474,-5.00026,0
1,1,0,0,0,0.0351485,0.00239161,-5.00026,0
1,1,0,0,0,0.0191874,0.00129825,-5.00026,0
1,1,0,0,0,0.0179954,0.00110765,-5.00026,0
1,1,0,0,0,0.0206751,0.00143963,-5.00026,0
1,1,0,0,0,0.0209614,0.00149714,-5.00026,0
1,1,0,0,0,0.0219991,0.0017894,-5.00026,0
1,1,0,0,0,0.0218075,0.00189349,-5.00026,0
1,1,0,0,0,0.0256939,0.00185885,-5.00026,-0.000183975
1,1,0,0,0,0.0249834,0.00162515,-5.00026,-0.000183975
1,1,0,0,0,0.0211685,0.001267,-5.00026,-0.000183975
1,1,0,0,0,0.0239581,0.00148846,-5.00026,-0.000183975
1,1,0,0,0,0.0233682,0.00140805,-5.00026,-0.000183975
1,1,0,0,0,0.0264109,0.00165704,-5.00026,-0.000183975
1,1,0,0,0,0.0386206,0.00258648,-5.00026,-0.000183975
1,1,0,0,0,0.0369562,0.00229469,-5.00026,-0.000183975
1,1,0,0,0,0.0369794,0.00236729,-5.00026,-0.000183975
1,1,0,0,0,0.0434488,0.00263712,-5.00026,-0.000183975
1,1,0,0,0,0.038011,0.00225234,-5.00026,-0.000183975
1,1,0,0,0,0.0315728,0.00151852,-5.00026,-0.000183975
1,1,0,0,0,0.036422,0.00169205,-5.00026,-0.000183975
1,1,0,0,0,0.0348996,0.00137994,-5.00026,-0.000183975
1,1,0,0,0,0.0327165,0.00128193,-5.00026,-0.000183975
1,1,0,0,0,0.0371238,0.0015361,-5.00026,-0.000183975
1,1,0,0,0,0.0369078,0.00163699,-5.00026,-0.000183975
1,1,0,0,0,0.0284189,0.00128339,-5.00026,-0.000183975
1,1,0,0,0,0.023035,0.0011142,-5.00026,0
1,1,0,0,0,0.0175794,0.000864605,-5.00026,0
1,1,0,0,0,0.0147971,0.00060504,-5.00026,0
1,1,0,0,0,0.0186166,0.000828889,-5.00026,0
1,1,0,0,0,0.0167149,0.000632612,-5.00026,0
1,1,0,0,0,0.0154591,0.000421424,-5.00026,0
1,1,0,0,0,0.0154605,0.000515061,-5.00026,0
1,1,0,0,0,0.0122985,0.000420526,-5.00026,0
1,1,0,0,0,0.00933132,0.000322589,-5.00026,0
1,1,0,0,0,0.00953957,0.000339964,-5.00026,0
1,1,0,0,0,0.00857447,0.000280467,-5.00026,0
1,1,0,0,0,0.0141938,0.000617726,-5.00026,0
1,1,0,0,0,0.0164399,0.00072383,-5.00026,0
1,1,0,0,0,0.0161414,0.000904453,-5.00026,0
1,1,0,0,0,0.0165672,0.00112346,-5.00026,0
1,1,0,0,0,0.0176602,0.00125655,-5.00026,0
1,1,0,0,0,0.0141656,0.000850939,-5.00026,0
1,1,0,0,0,0.0155663,0.00087719,-5.00026,0
1,1,0,0,0,0.0161416,0.000759992,-5.00026,0
1,1,0,0,0,0.0163195,0.00078333,-5.00026,0
1,1,0,0,0,0.0162052,0.000746017,-5.00026,0
1,1,0,0,0,0.0163617,0.000824124,-5.00026,0
1,1,0,0,0,0.0169292,0.00109905,-5.00026,0
1,1,0,0,0,0.0197283,0.0013516,-5.00026,0
1,1,0,0,0,0.0172795,0.00124831,-5.00026,0
1,1,0,0,0,0.016596,0.00139542,-5.00026,0
1,1,0,0,0,0.0182071,0.00144352,-5.00026,0
1,1,0,0,0,0.0192561,0.00131148,-5.00026,0
1,1,0,0,0,0.0241784,0.00146082,-5.00026,0
1,1,0,0,0,0.0309092,0.00167459,-5.00026,0
1,1,0,0,0,0.0323884,0.00171062,-5.00026,0
1,1,0,0,0,0.0296854,0.00141567,-5.00026,0
1,1,0,0,0,0.0296064,0.00149199,-5.00026,0
1,1,0,0,0,0.0237563,0.00137255,-5.00026,0
1,1,0,0,0,0.0151818,0.000935062,-5.00026,0
1,1,0,0,0,0.014808,0.000921956,-5.00026,0
1,1,0,0,0,0.0107039,0.00051438,-5.00026,0
1,1,0,0,0,0.00757129,0.000219879,-5.00026,0
1,1,0,0,0,0.00702132,0.000135972,-5.00026,0
1,1,0,0,0,0.0074375,0.000122769,-5.00026,0
1,1,0,0,0,0.00860811,0.000328739,-5.00026,0
1,1,0,0,0,0.0113432,0.000618476,-5.00026,0
1,1,0,0,0,0.0140197,0.000582095,-5.00026,0
1,1,0,0,0,0.0148198,0.000751021,-5.00026,0
1,1,0,0,0,0.0265595,0.00144962,-5.00026,0
1,1,0,0,0,0.028416,0.00156995,-5.00026,0
1,1,0,0,0,0.026471,0.00165039,-5.00026,0
1,1,0,0,0,0.026148,0.00165238,-5.00026,0
1,1,0,0,0,0.0182283,0.00114302,-5.00026,0
1,1,0,0,0,0.0109327,0.000704798,-5.00026,0
1,1,0,0,0,0.00939529,0.000537872,-5.00026,0
1,1,0,0,0,0.00706152,0.000334349,-5.00026,0
1,1,0,0,0,0.00838212,0.000271879,-5.00026,0
1,1,0,0,0,0.00898545,0.000211603,-5.00026,0
1,1,0,0,0,0.0093803,0.000294373,-5.00026,0
1,1,0,0,0,0.0103309,0.00034373,-5.00026,0
1,1,0,0,0,0.0159337,0.000616575,-5.00026,0
1,1,0,0,0,0.0152842,0.000736934,-5.00026,0
1,1,0,0,0,0.01666,0.000793806,-5.00026,0
1,1,0,0,0,0.0174479,0.0007718,-5.00026,0
1,1,0,0,0,0.0159579,0.000657455,-5.00026,0
1,1,0,0,0,0.0133659,0.000651499,-5.00026,0
1,1,0,0,0,0.0293285,0.00155601,-5.00026,0
1,1,0,0,0,0.0334384,0.00183599,-5.00026,0
1,1,0,0,0,0.0386942,0.00226044,-5.00026,0
1,1,0,0,0,0.0403165,0.00237237,-5.00026,0
1,1,0,0,0,0.02905,0.00167269,-5.00026,0
1,1,0,0,0,0.0239421,0.00123523,-5.00026,0
1,1,0,0,0,0.0234848,0.000952144,-5.00026,0
1,1,0,0,0,0.0192609,0.000596124,-5.00026,0
1,1,0,0,0,0.0191181,0.000655172,-5.00026,0
1,1,0,0,0,0.0196721,0.000782161,-5.00026,0
1,1,0,0,0,0.0111253,0.00065376,-5.00026,0
1,1,0,0,0,0.00987853,0.000790672,-5.00026,0
1,1,0,0,0,0.00917941,0.000817994,-5.00026,0
1,1,0,0,0,0.00806551,0.000764477,-5.00026,0
1,1,0,0,0,0.00749471,0.000701519,-5.00026,0
1,1,0,0,0,0.0068768,0.000668118,-5.00026,0
1,1,0,0,0,0.00534961,0.000592515,-5.00026,0
1,1,0,0,0,0.00311163,0.000611837,-5.00026,0
1,1,0,0,0,0.00441725,0.000806469,-5.00026,0
1,1,0,0,0,0.0175379,0.00156837,-5.00026,0
1,1,0,0,0,0.0206786,0.00171191,-5.00026,0
1,1,0,0,0,0.0212736,0.00167856,-5.00026,0
1,1,0,0,0,0.0225227,0.00172902,-5.00026,0
1,1,0,0,0,0.0117574,0.00119598,-5.00026,0
1,1,0,0,0,0.00635006,0.000948919,-5.00026,0
1,1,0,0,0,0.00579883,0.000841911,-5.00026,0
1,1,0,0,0,0.00458268,0.000677384,-5.00026,0
1,1,0,0,0,0.00265115,0.000478372,-5.00026,0
1,1,0,0,0,0.00961465,0.000947416,-5.00026,0
1,1,0,0,0,0.0145874,0.00124477,-5.00026,0
1,1,0,0,0,0.0206686,0.00149796,-5.00026,0
1,1,0,0,0,0.0247145,0.00169657,-5.00026,0
1,1,0,0,0,0.0242633,0.00162062,-5.00026,0
1,1,0,0,0,0.0210787,0.00150858,-5.00026,0
1,1,0,0,0,0.0178409,0.00143384,-5.00026,0
1,1,0,0,0,0.0148788,0.00155257,-5.00026,0
1,1,0,0,0,0.0151398,0.00139602,-5.00026,0
1,1,0,0,0,0.00911139,0.000891828,-5.00026,0
1,1,0,0,0,0.00859376,0.000860738,-5.00026,0
1,1,0,0,0,0.0109218,0.000710376,-5.00026,0
1,1,0,0,0,0.010851,0.00087771,-5.00026,0
1,1,0,0,0,0.0150559,0.00122149,-5.00026,0
1,1,0,0,0,0.0212934,0.00166452,-5.00026,0
1,1,0,0,0,0.0267473,0.00215831,-5.00026,0
1,1,0,0,0,0.0304763,0.00230432,-5.00026,0
1,1,0,0,0,0.0292144,0.00213013,-5.00026,0
1,1,0,0,0,0.0294051,0.00198389,-5.00026,0
1,1,0,0,0,0.0248829,0.00167387,-5.00026,0
1,1,0,0,0,0.019237,0.0013168,-5.00026,0
1,1,0,0,0,0.0199411,0.00130112,-5.00026,0
1,1,0,0,0,0.036146,0.00203502,-5.00026,0
1,1,0,0,0,0.0452838,0.00256705,-5.00026,0
1,1,0,0,0,0.0514956,0.00305838,-5.00026,0
1,1,0,0,0,0.0478892,0.00300249,-5.00026,0
1,1,0,0,0,0.0372783,0.0025138,-5.00026,0
1,1,0,0,0,0.0174137,0.00151056,-5.00026,0
1,1,0,0,0,0.00650717,0.000812948,-5.00026,0
1,1,0,0,0,0.00525334,0.000661218,-5.00026,0
1,1,0,0,0,0.00586552,0.000589899,-5.00026,0
1,1,0,0,0,0.00227061,0.000409625,-5.00026,0
1,1,0,0,0,0.00106654,0.000280796,-5.00026,0
1,1,0,0,0,0.00157294,0.000293264,-5.00026,0
1,1,0,0,0,0.00146454,0.000347239,-5.00026,0
1,1,0,0,0,3.80298e-05,0.000426396,-5.00026,0
1,1,0,0,0,-0.000896316,0.000338421,-5.00026,0
1,1,0,0,0,-0.00192938,0.000234943,-5.00026,0
1,1,0,0,0,-0.00243933,0.000280459,-5.00026,0
1,1,0,0,0,-0.00273338,0.00027066,-5.00026,0
1,1,0,0,0,-0.00230844,0.000335358,-5.00026,0
1,1,0,0,0,-0.0017523,0.000409783,-5.00026,0
1,1,0,0,0,-0.000672621,0.000580745,-5.00026,0
1,1,0,0,0,0.000223953,0.000527813,-5.00026,0
1,1,0,0,0,0.00034692,0.000451198,-5.00026,0
1,1,0,0,0,0.000313562,0.000458307,-5.00026,0
1,1,0,0,0,-9.21164e-05,0.000537966,-5.00026,0
1,1,0,0,0,0.00216732,0.000572747,-5.00026,0
1,1,0,0,0,0.00508948,0.000664127,-5.00026,0
1,1,0,0,0,0.00577851,0.000589729,-5.00026,0
1,1,0,0,0,0.00541371,0.000420924,-5.00026,0
1,1,0,0,0,0.00271103,0.000304783,-5.00026,0
1,1,0,0,0,-0.00251443,0.000131703,-5.00026,0
1,1,0,0,0,-0.00449149,0.00027698,-5.00026,0
1,1,0,0,0,-0.00459092,0.000247928,-5.00026,0
1,1,0,0,0,-0.00548504,-1.28068e-05,-5.00026,0
1,1,0,0,0,-0.00385035,6.02537e-05,-5.00026,0
1,1,0,0,0,-0.00140135,8.58894e-05,-5.00026,0
1,1,0,0,0,-0.00246351,-1.60959e-05,-5.00026,0
1,1,0,0,0,-0.00393342,0.000163359,-5.00026,0
1,1,0,0,0,-0.00448402,0.000244508,-5.00026,0
1,1,0,0,0,-0.00611128,0.000332266,-5.00026,0
1,1,0,0,0,-0.00540308,0.000525657,-5.00026,0
1,1,0,0,0,-0.00500832,0.000510927,-5.00026,0
1,1,0,0,0,-0.00449768,0.000559952,-5.00026,0
1,1,0,0,0,-0.00494928,0.000407496,-5.00026,0
1,1,0,0,0,-0.00845453,0.000158556,-5.00026,0
1,1,0,0,0,-0.00780966,8.06389e-05,-5.00026,0
1,1,0,0,0,-0.00688959,2.96182e-05,-5.00026,0
1,1,0,0,0,-0.00612229,0.000161153,-5.00026,0
1,1,0,0,0,-0.00591279,0.000216639,-5.00026,0
1,1,0,0,0,-0.00662037,0.000164502,-5.00026,0
1,1,0,0,0,-0.00714509,0.0001847,-5.00026,0
1,1,0,0,0,-0.00440877,0.000439949,-5.00026,0
1,1,0,0,0,-0.000634744,0.000535783,-5.00026,0
1,1,0,0,0,-0.000251325,0.000765643,-5.00026,0
1,1,0,0,0,0.00325145,0.00114522,-5.00026,0
1,1,0,0,0,0.00246183,0.00115147,-5.00026,0
1,1,0,0,0,0.00215693,0.000926581,-5.00026,0
1,1,0,0,0,0.00403807,0.000913071,-5.00026,0
1,1,0,0,0,0.00334029,0.00071573,-5.00026,0
1,1,0,0,0,0.00140024,0.000307382,-5.00026,0
1,1,0,0,0,2.17815e-05,0.000292331,-5.00026,0
1,1,0,0,0,-0.00560053,0.000155993,-5.00026,0
1,1,0,0,0,-0.00818546,6.92777e-05,-5.00026,0
1,1,0,0,0,-0.00812331,6.67148e-05,-5.00026,0
1,1,0,0,0,-0.00730208,0.00013271,-5.00026,0
1,1,0,0,0,-0.00605903,0.000137172,-5.00026,0
1,1,0,0,0,-0.00446096,0.000209122,-5.00026,0
1,1,0,0,0,-0.00350797,0.000237129,-5.00026,0
1,1,0,0,0,-0.00382831,0.000351304,-5.00026,0
1,1,0,0,0,-0.00571706,0.000308172,-5.00026,0
1,1,0,0,0,-0.00703723,0.000217609,-5.00026,0
1,1,0,0,0,-0.00718993,0.000177961,-5.00026,0
1,1,0,0,0,-0.00694718,0.000128065,-5.00026,0
1,1,0,0,0,-0.00644075,0.000109095,-5.00026,0
1,1,0,0,0,-0.00398301,0.000330525,-5.00026,0
1,1,0,0,0,-0.00228656,0.000480251,-5.00026,0
1,1,0,0,0,-0.0036678,0.000388119,-5.00026,0
1,1,0,0,0,-0.00304217,0.000385443,-5.00026,0
1,1,0,0,0,-0.00335052,0.000452232,-5.00026,0
1,1,0,0,0,-0.00697962,0.000247167,-5.00026,0
1,1,0,0,0,-0.00724773,0.000302646,-5.00026,0
1,1,0,0,0,-0.00694129,0.000429165,-5.00026,0
1,1,0,0,0,-0.00651167,0.000511984,-5.00026,0
1,1,0,0,0,-0.00322857,0.000664542,-5.00026,0
1,1,0,0,0,0.00604799,0.00109272,-5.00026,0
1,1,0,0,0,0.00923449,0.00119914,-5.00026,0
1,1,0,0,0,0.0103423,0.00116842,-5.00026,0
1,1,0,0,0,0.0106772,0.0010903,-5.00026,0
1,1,0,0,0,0.00531475,0.000747184,-5.00026,0
1,1,0,0,0,-0.00301067,0.000262904,-5.00026,0
1,1,0,0,0,-0.00208724,0.000232294,-5.00026,0
1,1,0,0,0,-0.00343445,0.000331153,-5.00026,0
1,1,0,0,0,-0.00341418,0.000396077,-5.00026,0
1,1,0,0,0,-0.00348481,0.000436956,-5.00026,0
1,1,0,0,0,-0.0044109,0.000547633,-5.00026,0
1,1,0,0,0,-0.00538553,0.000497245,-5.00026,0
1,1,0,0,0,-0.00647054,0.000386502,-5.00026,0
1,1,0,0,0,-0.00626625,0.000338099,-5.00026,0
1,1,0,0,0,-0.00630823,0.000284601,-5.00026,0
1,1,0,0,0,-0.0058987,0.000195823,-5.00026,0
1,1,0,0,0,-0.00460344,0.000111875,-5.00026,0
1,1,0,0,0,0.0082519,0.000821043,-5.00026,0
1,1,0,0,0,0.0144371,0.00120835,-5.00026,0
1,1,0,0,0,0.0157295,0.00125357,-5.00026,0
1,1,0,0,0,0.0157987,0.00140563,-5.00026,0
1,1,0,0,0,0.00845683,0.00125556,-5.00026,0
1,1,0,0,0,-0.00349488,0.000500647,-5.00026,0
1,1,0,0,0,-0.00674216,0.000251207,-5.00026,0
1,1,0,0,0,-0.00461103,0.000422334,-5.00026,0
1,1,0,0,0,-0.00326675,0.000348334,-5.00026,0
1,1,0,0,0,-0.00541324,0.000164393,-5.00026,0
1,1,0,0,0,-0.000593636,0.000615662,-5.00026,0
1,1,0,0,0,0.00222432,0.000919626,-5.00026,0
1,1,0,0,0,-0.00103302,0.000715287,-5.00026,0
1,1,0,0,0,-0.000767823,0.000697882,-5.00026,0
1,1,0,0,0,0.000759712,0.00072282,-5.00026,0
1,1,0,0,0,0.00795525,0.000891086,-5.00026,0
1,1,0,0,0,0.0196852,0.00137334,-5.00026,0
1,1,0,0,0,0.0204967,0.00154426,-5.00026,0
1,1,0,0,0,0.0224533,0.00183771,-5.00026,0
1,1,0,0,0,0.0173584,0.00184814,-5.00026,0
1,1,0,0,0,0.00816721,0.00143512,-5.00026,0
1,1,0,0,0,0.00235274,0.000959022,-5.00026,0
1,1,0,0,0,0.00224508,0.000919757,-5.00026,0
1,1,0,0,0,0.00178536,0.000730286,-5.00026,0
1,1,0,0,0,0.000934694,0.000666001,-5.00026,0
1,1,0,0,0,-0.00147782,0.000597746,-5.00026,0
1,1,0,0,0,-0.00149345,0.000543977,-5.00026,0
1,1,0,0,0,-0.00437848,0.000361729,-5.00026,0
1,1,0,0,0,-0.00535357,0.000125782,-5.00026,0
1,1,0,0,0,-0.00623354,-0.000123685,-5.00026,0
1,1,0,0,0,-0.00550138,-0.000132391,-5.00026,0
1,1,0,0,0,-0.00420357,-5.54631e-05,-5.00026,0
1,1,0,0,0,-0.00526019,-0.000165731,-5.00026,0
1,1,0,0,0,-0.00656758,-0.000266988,-5.00026,0
1,1,0,0,0,-0.00776184,-0.000209061,-5.00026,0
1,1,0,0,0,-0.00846383,-0.000141828,-5.00026,0
1,1,0,0,0,-0.00703165,1.80891e-05,-5.00026,0
1,1,0,0,0,-0.00592044,0.000129209,-5.00026,0
1,1,0,0,0,-0.00521756,0.000200166,-5.00026,0
1,1,0,0,0,-0.00653522,0.000123509,-5.00026,0
1,1,0,0,0,-0.00939089,-0.000162031,-5.00026,0
1,1,0,0,0,-0.00991863,-0.000191136,-5.00026,0
1,1,0,0,0,-0.00895754,9.77226e-05,-5.00026,0
1,1,0,0,0,-0.00731065,0.00037217,-5.00026,0
1,1,0,0,0,-0.00575127,0.000556789,-5.00026,0
1,1,0,0,0,-0.00546792,0.000601551,-5.00026,0
1,1,0,0,0,-0.00626621,0.000428502,-5.00026,0
1,1,0,0,0,-0.00633688,0.000299161,-5.00026,0
1,1,0,0,0,-0.00552656,0.000177748,-5.00026,0
1,1,0,0,0,-0.00571272,0.000300852,-5.00026,0
1,1,0,0,0,-0.0044468,0.000512917,-5.00026,0
1,1,0,0,0,-0.00490116,0.000376684,-5.00026,0
1,1,0,0,0,-0.00705003,0.000113552,-5.00026,0
1,1,0,0,0,-0.00878485,5.86747e-06,-5.00026,0
1,1,0,0,0,-0.0107925,-0.000316554,-5.00026,0
1,1,0,0,0,-0.0103958,-0.000227163,-5.00026,0
1,1,0,0,0,-0.00934044,2.00721e-05,-5.00026,0
1,1,0,0,0,-0.00672672,0.000275022,-5.00026,0
1,1,0,0,0,-0.00536813,0.000357097,-5.00026,0
1,1,0,0,0,-0.00486763,0.000423459,-5.00026,0
1,1,0,0,0,-0.00446434,0.000492352,-5.00026,0
1,1,0,0,0,-0.00509436,0.000148719,-5.00026,0
1,1,0,0,0,-0.0051877,0.000181012,-5.00026,0
1,1,0,0,0,-0.00502272,0.000108548,-5.00026,0
1,1,0,0,0,-0.00488978,-6.88325e-05,-5.00026,0
1,1,0,0,0,-0.00579881,-0.000118808,-5.00026,0
1,1,0,0,0,-0.00628762,-9.64043e-05,-5.00026,0
1,1,0,0,0,-0.0068668,-0.00017446,-5.00026,0
1,1,0,0,0,-0.00692712,-0.000169524,-5.00026,0
1,1,0,0,0,-0.00805959,-0.000253139,-5.00026,0
1,1,0,0,0,-0.00937267,-0.00036043,-5.00026,0
1,1,0,0,0,-0.00929576,-0.000369644,-5.00026,0
1,1,0,0,0,-0.0074057,1.62041e-05,-5.00026,0
1,1,0,0,0,-0.00482388,0.000335757,-5.00026,0
1,1,0,0,0,-0.00300817,0.000429244,-5.00026,0
1,1,0,0,0,0.000369434,0.000688351,-5.00026,0
1,1,0,0,0,0.00411063,0.000843053,-5.00026,0
1,1,0,0,0,0.00729672,0.00110866,-5.00026,0
1,1,0,0,0,0.0170244,0.00182924,-5.00026,0
1,1,0,0,0,0.0229585,0.00195548,-5.00026,0
1,1,0,0,0,0.0189098,0.00166167,-5.00026,0
1,1,0,0,0,0.0139357,0.00117505,-5.00026,0
1,1,0,0,0,0.00479941,0.000492083,-5.00026,0
1,1,0,0,0,0.00100795,0.000510455,-5.00026,0
1,1,0,0,0,0.00925579,0.000995156,-5.00026,0
1,1,0,0,0,0.0276634,0.00196476,-5.00026,0
1,1,0,0,0,0.0336308,0.00232098,-5.00026,0
1,1,0,0,0,0.0330606,0.00215537,-5.00026,0
1,1,0,0,0,0.0261968,0.00173661,-5.00026,0
1,1,0,0,0,0.0124776,0.00104046,-5.00026,0
1,1,0,0,0,0.000572983,0.000427352,-5.00026,0
1,1,0,0,0,-0.00491429,0.000218531,-5.00026,0
1,1,0,0,0,-0.0049627,7.34475e-05,-5.00026,0
1,1,0,0,0,-0.00630074,-6.34499e-05,-5.00026,0
1,1,0,0,0,-0.00800327,-0.000180462,-5.00026,0
1,1,0,0,0,-0.0066578,0.000101975,-5.00026,0
1,1,0,0,0,-0.0065831,0.00031498,-5.00026,0
1,1,0,0,0,-0.00309989,0.000775992,-5.00026,0
1,1,0,0,0,-0.00196142,0.00117824,-5.00026,0
1,1,0,0,0,-0.000554412,0.00129947,-5.00026,0
1,1,0,0,0,-0.00204935,0.00106969,-5.00026,0
1,1,0,0,0,-0.00440295,0.000795589,-5.00026,0
1,1,0,0,0,-0.00540991,0.000406662,-5.00026,0
1,1,0,0,0,-0.00646172,6.41229e-05,-5.00026,0
1,1,0,0,0,-0.00788231,-0.000240518,-5.00026,0
1,1,0,0,0,-0.00573203,-0.000190417,-5.00026,0
1,1,0,0,0,-0.00517373,-7.96737e-05,-5.00026,0
1,1,0,0,0,-0.00667375,-8.46347e-05,-5.00026,0
1,1,0,0,0,-0.00493368,5.03563e-05,-5.00026,0
1,1,0,0,0,-0.00494614,0.000191333,-5.00026,0
1,1,0,0,0,-0.00577414,0.000195754,-5.00026,0
1,1,0,0,0,-0.00611259,0.000109829,-5.00026,0
1,1,0,0,0,-0.00718233,0.000132727,-5.00026,0
1,1,0,0,0,-0.00845786,0.000186155,-5.00026,0
1,1,0,0,0,-0.00962902,0.00012838,-5.00026,0
1,1,0,0,0,-0.00771876,0.000371767,-5.00026,0
1,1,0,0,0,-0.00667526,0.00055322,-5.00026,0
1,1,0,0,0,-0.00112339,0.000838442,-5.00026,0
1,1,0,0,0,0.00153333,0.000850569,-5.00026,0
1,1,0,0,0,0.000461871,0.000636221,-5.00026,0
1,1,0,0,0,0.000419584,0.000528924,-5.00026,0
1,1,0,0,0,0.000623558,0.00058261,-5.00026,0
1,1,0,0,0,-0.00343662,0.000428459,-5.00026,0
1,1,0,0,0,-0.00200793,0.000657759,-5.00026,0
1,1,0,0,0,-0.00287221,0.000799864,-5.00026,0
1,1,0,0,0,-0.00377304,0.000771428,-5.00026,0
1,1,0,0,0,-0.00487881,0.00073933,-5.00026,0
1,1,0,0,0,-0.00746143,0.000462988,-5.00026,0
1,1,0,0,0,-0.00779017,0.000592698,-5.00026,0
1,1,0,0,0,-0.00736306,0.000618461,-5.00026,0
1,1,0,0,0,-0.00689409,0.000666007,-5.00026,0
1,1,0,0,0,-0.00551918,0.000845989,-5.00026,0
1,1,0,0,0,0.000993474,0.00112626,-5.00026,0
1,1,0,0,0,0.00888241,0.00123661,-5.00026,0
1,1,0,0,0,0.00863648,0.00115244,-5.00026,0
1,1,0,0,0,0.00756941,0.000840726,-5.00026,0
1,1,0,0,0,0.00400903,0.000613572,-5.00026,0
1,1,0,0,0,-0.000308328,0.000632253,-5.00026,0
1,1,0,0,0,0.000557139,0.000629885,-5.00026,0
1,1,0,0,0,-0.000948911,0.000517078,-5.00026,0
1,1,0,0,0,-0.00116768,0.000549188,-5.00026,0
1,1,0,0,0,0.0125169,0.00113806,-5.00026,0
1,1,0,0,0,0.00697792,0.000731922,-5.00026,0
1,1,0,0,0,0.00694477,0.000835676,-5.00026,0
1,1,0,0,0,0.00808442,0.00104016,-5.00026,0
1,1,0,0,0,0.00826021,0.00112157,-5.00026,0
1,1,0,0,0,0.00144181,0.000884401,-5.00026,0
1,1,0,0,0,0.000495089,0.000803476,-5.00026,0
1,1,0,0,0,0.00341621,0.000812903,-5.00026,0
1,1,0,0,0,1.0484e-05,0.000460846,-5.00026,0
1,1,0,0,0,-0.00472099,0.000116311,-5.00026,0
1,1,0,0,0,-0.00332603,0.000223145,-5.00026,0
1,1,0,0,0,0.00125824,0.000560984,-5.00026,0
1,1,0,0,0,-0.00266482,0.000476581,-5.00026,0
1,1,0,0,0,0.000151893,0.000745665,-5.00026,0
1,1,0,0,0,0.00381049,0.00119784,-5.00026,0
1,1,0,0,0,0.000728329,0.0012295,-5.00026,0
1,1,0,0,0,-0.000108252,0.00113888,-5.00026,0
1,1,0,0,0,-0.00187708,0.000934575,-5.00026,0
1,1,0,0,0,-0.00119504,0.000849127,-5.00026,0
1,1,0,0,0,-0.00451278,0.000441003,-5.00026,0
1,1,0,0,0,-0.00407878,0.000370161,-5.00026,0
1,1,0,0,0,-0.00227303,0.000512199,-5.00026,0
1,1,0,0,0,0.00247565,0.000874003,-5.00026,0
1,1,0,0,0,0.00853121,0.00101272,-5.00026,0
1,1,0,0,0,0.0117693,0.00121686,-5.00026,0
1,1,0,0,0,0.0115471,0.00109646,-5.00026,0
1,1,0,0,0,0.00914675,0.000889123,-5.00026,0
1,1,0,0,0,0.00352663,0.000506739,-5.00026,0
1,1,0,0,0,-0.00327826,0.000197596,-5.00026,0
1,1,0,0,0,-0.00217405,0.000231995,-5.00026,0
1,1,0,0,0,-0.00310075,0.000353656,-5.00026,0
1,1,0,0,0,-0.00650574,0.000373662,-5.00026,0
1,1,0,0,0,-0.00584759,0.000584902,-5.00026,0
1,1,0,0,0,0.00751037,0.00141759,-5.00026,-0.000183975
1,1,0,0,0,0.0234313,0.00221042,-5.00026,-0.000183975
1,1,0,0,0,0.0249042,0.00227575,-5.00026,-0.000183975
1,1,0,0,0,0.0247278,0.00237307,-5.00026,-0.000183975
1,1,0,0,0,0.0210502,0.00218137,-5.00026,-0.000183975
1,1,0,0,0,0.00391992,0.00140547,-5.00026,-0.000183975
1,1,0,0,0,0.0127186,0.00195775,-5.00026,-0.000183975
1,1,0,0,0,0.0216968,0.00232766,-5.00026,-0.000183975
1,1,0,0,0,0.0246207,0.00227794,-5.00026,-0.000183975
1,1,0,0,0,0.0259089,0.00222167,-5.00026,-0.000183975
1,1,0,0,0,0.0235206,0.00201766,-5.00026,-0.000183975
1,1,0,0,0,0.00863741,0.00124982,-5.00026,-0.000183975
1,1,0,0,0,0.00448815,0.00116784,-5.00026,-0.000183975
1,1,0,0,0,0.00299016,0.0010872,-5.00026,-0.000183975
1,1,0,0,0,0.0112503,0.00163638,-5.00026,-0.000183975
1,1,0,0,0,0.0414619,0.00348327,-5.00026,-0.000183975
1,1,0,0,0,0.0480922,0.00358595,-5.00026,-0.000183975
1,1,0,0,0,0.0552273,0.00385884,-5.00026,-0.000183975
1,1,0,0,0,0.0575765,0.00388544,-5.00026,-0.000183975
1,1,0,0,0,0.0270323,0.00229866,-5.00026,-0.000183975
1,1,0,0,0,0.0147028,0.00153423,-5.00026,-0.000183975
1,1,0,0,0,0.0128284,0.00142739,-5.00026,-0.000183975
1,1,0,0,0,0.0102201,0.00139457,-5.00026,-0.000183975
1,1,0,0,0,0.00390545,0.000884814,-5.00026,-0.000183975
1,1,0,0,0,0.00264017,0.000520415,-5.00026,0
1,1,0,0,0,-0.000119841,0.000409181,-5.00026,0
1,1,0,0,0,-0.00409168,0.000234125,-5.00026,0
1,1,0,0,0,-0.00432841,0.000233593,-5.00026,0
1,1,0,0,0,-0.00255376,0.000513332,-5.00026,0
1,1,0,0,0,-0.00254392,0.000639582,-5.00026,0
1,1,0,0,0,0.000520097,0.000767949,-5.00026,-0.000183975
1,1,0,0,0,0.00269037,0.000811505,-5.00026,-0.000183975
1,1,0,0,0,0.00365569,0.000792644,-5.00026,-0.000183975
1,1,0,0,0,0.00837038,0.000965248,-5.00026,-0.000183975
1,1,0,0,0,0.0301736,0.00207647,-5.00026,-0.000183975
1,1,0,0,0,0.0280509,0.00205566,-5.00026,-0.000183975
1,1,0,0,0,0.0297824,0.0022488,-5.00026,-0.000183975
1,1,0,0,0,0.0299362,0.00221455,-5.00026,-0.000183975
1,1,0,0,0,0.0178571,0.00154149,-5.00026,-0.000183975
1,1,0,0,0,0.00795648,0.00102507,-5.00026,-0.000183975
1,1,0,0,0,0.00645538,0.00104851,-5.00026,-0.000183975
1,1,0,0,0,0.00653523,0.00114958,-5.00026,-0.000183975
1,1,0,0,0,0.0195074,0.00196808,-5.00026,-0.000183975
1,1,0,0,0,0.0177423,0.00182614,-5.00026,0
1,1,0,0,0,0.0169579,0.00178098,-5.00026,0
1,1,0,0,0,0.0195434,0.00180457,-5.00026,0
1,1,0,0,0,0.0169191,0.0014562,-5.00026,0
1,1,0,0,0,0.026514,0.00188943,-5.00026,0
1,1,0,0,0,0.0440009,0.00292037,-5.00026,0
1,1,0,0,0,0.0441518,0.00283943,-5.00026,0
1,1,0,0,0,0.0427751,0.00314697,-5.00026,0
1,1,0,0,0,0.0334463,0.00286945,-5.00026,0
1,1,0,0,0,0.0173859,0.00229445,-5.00026,0
1,1,0,0,0,0.0305931,0.00331139,-5.00026,0
1,1,0,0,0,0.0262354,0.00306377,-5.00026,0
1,1,0,0,0,0.0230607,0.0026884,-5.00026,0
1,1,0,0,0,0.0178851,0.00200053,-5.00026,0
1,1,0,0,0,-0.00160808,0.000424494,-5.00026,0
1,1,0,0,0,0.000231065,0.000363373,-5.00026,0
1,1,0,0,0,0.00149845,0.000621549,-5.00026,0
1,1,0,0,0,0.00251793,0.000841607,-5.00026,0
1,1,0,0,0,0.00341575,0.00112911,-5.00026,0
1,1,0,0,0,-0.00280603,0.000969123,-5.00026,0
1,1,0,0,0,-0.00376721,0.00084551,-5.00026,0
1,1,0,0,0,-0.000976468,0.00100081,-5.00026,0
1,1,0,0,0,5.80614e-05,0.000952852,-5.00026,0
1,1,0,0,0,-0.000388994,0.000755658,-5.00026,0
1,1,0,0,0,-0.00203235,0.000559585,-5.00026,0
1,1,0,0,0,-0.00514293,0.000359515,-5.00026,0
1,1,0,0,0,-0.0067166,0.000167344,-5.00026,0
1,1,0,0,0,-0.00640063,0.000319302,-5.00026,0
1,1,0,0,0,-0.00466577,0.000556371,-5.00026,0
1,1,0,0,0,-0.00249367,0.000910863,-5.00026,0
1,1,0,0,0,-0.00200574,0.0010489,-5.00026,0
1,1,0,0,0,-0.00145286,0.00112377,-5.00026,0
1,1,0,0,0,0.0012994,0.00129319,-5.00026,0
1,1,0,0,0,0.00246967,0.00110265,-5.00026,0
1,1,0,0,0,0.000654596,0.000861194,-5.00026,0
1,1,0,0,0,0.000839583,0.000746288,-5.00026,0
1,1,0,0,0,-0.00166778,0.000559746,-5.00026,0
1,1,0,0,0,-0.00645702,0.000434414,-5.00026,0
1,1,0,0,0,-0.00644593,0.000726491,-5.00026,0
1,1,0,0,0,-0.00627545,0.000874647,-5.00026,0
1,1,0,0,0,-0.00710102,0.000875742,-5.00026,0
1,1,0,0,0,-0.00227652,0.00130902,-5.00026,0
1,1,0,0,0,0.00268278,0.0014843,-5.00026,0
1,1,0,0,0,0.00162601,0.00127291,-5.00026,0
1,1,0,0,0,0.00207971,0.00138217,-5.00026,0
1,1,0,0,0,0.00184106,0.00099918,-5.00026,0
1,1,0,0,0,-0.00275973,0.000561868,-5.00026,0
1,1,0,0,0,-0.00354317,0.000415352,-5.00026,0
1,1,0,0,0,0.0017829,0.000676609,-5.00026,-0.000183975
1,1,0,0,0,0.00439315,0.000975147,-5.00026,-0.000183975
1,1,0,0,0,-0.000253644,0.000751123,-5.00026,0
1,1,0,0,0,0.00489629,0.00096571,-5.00026,0
1,1,0,0,0,0.00798412,0.00114106,-5.00026,0
1,1,0,0,0,0.00293484,0.00079812,-5.00026,0
1,1,0,0,0,0.00248791,0.000748743,-5.00026,0
1,1,0,0,0,0.00261293,0.000702688,-5.00026,0
1,1,0,0,0,-0.00534216,0.000397449,-5.00026,0
1,1,0,0,0,-0.00693954,2.69298e-05,-5.00026,0
1,1,0,0,0,-0.00820601,-0.000260571,-5.00026,0
1,1,0,0,0,-0.00476985,-0.000207024,-5.00026,0
1,1,0,0,0,-0.000236644,1.0019e-05,-5.00026,0
1,1,0,0,0,0.0213003,0.00106786,-5.00026,0
1,1,0,0,0,0.0369423,0.00209289,-5.00026,0
1,1,0,0,0,0.0343959,0.00229599,-5.00026,0
1,1,0,0,0,0.0306403,0.00215904,-5.00026,0
1,1,0,0,0,0.0199085,0.00173097,-5.00026,0
1,1,0,0,0,-0.00231133,0.000714777,-5.00026,0
1,1,0,0,0,-0.00647017,0.000387177,-5.00026,0
1,1,0,0,0,0.000600937,0.000754926,-5.00026,0
1,1,0,0,0,0.00215339,0.000860012,-5.00026,0
1,1,0,0,0,0.00210567,0.000783174,-5.00026,0
1,1,0,0,0,0.00150951,0.000803702,-5.00026,0
1,1,0,0,0,0.00212712,0.000632245,-5.00026,0
1,1,0,0,0,0.000795394,0.000665189,-5.00026,0
1,1,0,0,0,0.00559896,0.000873527,-5.00026,0
1,1,0,0,0,0.00660053,0.000862538,-5.00026,0
1,1,0,0,0,0.00255605,0.00068177,-5.00026,0
1,1,0,0,0,0.000736582,0.000517798,-5.00026,0
1,1,0,0,0,0.000730865,0.000446434,-5.00026,0
1,1,0,0,0,7.79337e-05,0.000563,-5.00026,0
1,1,0,0,0,0.000670118,0.00067716,-5.00026,0
1,1,0,0,0,0.00407739,0.000948956,-5.00026,0
1,1,0,0,0,0.0080492,0.00141163,-5.00026,0
1,1,0,0,0,0.0146115,0.00170203,-5.00026,0
1,1,0,0,0,0.0273583,0.00250634,-5.00026,0
1,1,0,0,0,0.0303823,0.00289038,-5.00026,0
1,1,0,0,0,0.0246413,0.00258623,-5.00026,0
1,1,0,0,0,0.0246712,0.00223997,-5.00026,0
1,1,0,0,0,0.0139349,0.00156009,-5.00026,0
1,1,0,0,0,0.00679518,0.000931718,-5.00026,0
1,1,0,0,0,0.0148534,0.00128383,-5.00026,0
1,1,0,0,0,0.0127992,0.0012361,-5.00026,0
1,1,0,0,0,0.00452685,0.00102129,-5.00026,0
1,1,0,0,0,0.00323577,0.00120991,-5.00026,0
1,1,0,0,0,-0.00318164,0.000937856,-5.00026,0
1,1,0,0,0,-0.00779259,0.00066806,-5.00026,0
1,1,0,0,0,0.00207808,0.000955826,-5.00026,0
1,1,0,0,0,0.00281288,0.000895239,-5.00026,0
1,1,0,0,0,0.00468761,0.000841064,-5.00026,0
1,1,0,0,0,0.00536334,0.000643621,-5.00026,0
1,1,0,0,0,0.000391146,0.000245497,-5.00026,0
1,1,0,0,0,-0.00522559,-3.22109e-05,-5.00026,0
1,1,0,0,0,-0.0061161,-0.000258266,-5.00026,0
1,1,0,0,0,-0.00688353,-0.000141682,-5.00026,0
1,1,0,0,0,-0.00830884,-6.07311e-05,-5.00026,0
1,1,0,0,0,-0.00839479,9.95492e-05,-5.00026,0
1,1,0,0,0,-0.00426562,0.000425302,-5.00026,0
1,1,0,0,0,0.000914759,0.000882101,-5.00026,0
1,1,0,0,0,-0.000889305,0.000908003,-5.00026,0
1,1,0,0,0,-0.00117106,0.000924704,-5.00026,0
1,1,0,0,0,-0.000695536,0.000897235,-5.00026,0
1,1,0,0,0,-0.00164045,0.00085204,-5.00026,0
1,1,0,0,0,-0.000735058,0.000762803,-5.00026,0
1,1,0,0,0,0.00140097,0.000847943,-5.00026,0
1,1,0,0,0,0.00152811,0.000904986,-5.00026,0
1,1,0,0,0,-0.00164197,0.000946125,-5.00026,0
1,1,0,0,0,-0.00226686,0.000966231,-5.00026,0
1,1,0,0,0,-0.00342972,0.000832352,-5.00026,0
1,1,0,0,0,-0.00416215,0.000680544,-5.00026,0
1,1,0,0,0,-0.00475094,0.000484766,-5.00026,0
1,1,0,0,0,-0.00507478,0.000242875,-5.00026,0
1,1,0,0,0,-0.00689392,4.93467e-05,-5.00026,0
1,1,0,0,0,-0.00469079,0.000130517,-5.00026,0
1,1,0,0,0,-0.0023467,0.000494266,-5.00026,0
1,1,0,0,0,-0.000712598,0.000769574,-5.00026,0
1,1,0,0,0,0.00040219,0.000737791,-5.00026,0
1,1,0,0,0,-0.000259467,0.000823441,-5.00026,0
1,1,0,0,0,-0.0044083,0.000697675,-5.00026,0
1,1,0,0,0,-0.00524483,0.000561143,-5.00026,0
1,1,0,0,0,0.00228337,0.000933618,-5.00026,0
1,1,0,0,0,0.0012441,0.000806878,-5.00026,0
1,1,0,0,0,0.00438405,0.000783235,-5.00026,0
1,1,0,0,0,0.0104555,0.00103116,-5.00026,0
1,1,0,0,0,0.00281556,0.0005836,-5.00026,0
1,1,0,0,0,0.00457148,0.000651963,-5.00026,0
1,1,0,0,0,0.00795348,0.000986556,-5.00026,0
1,1,0,0,0,0.00377715,0.000978351,-5.00026,0
1,1,0,0,0,-0.00122497,0.000771799,-5.00026,0
1,1,0,0,0,0.00110449,0.00107479,-5.00026,0
1,1,0,0,0,-0.00577592,0.000870779,-5.00026,0
1,1,0,0,0,-0.00946475,0.000405998,-5.00026,0
1,1,0,0,0,-0.0085352,0.000369773,-5.00026,0
1,1,0,0,0,-0.00498217,0.000446984,-5.00026,0
1,1,0,0,0,-0.00978134,1.2729e-05,-5.00026,0
1,1,0,0,0,-0.007229,0.000186676,-5.00026,0
1,1,0,0,0,-0.0055076,0.000356971,-5.00026,0
1,1,0,0,0,-0.00657763,0.000217188,-5.00026,0
1,1,0,0,0,-0.00561135,0.000227175,-5.00026,0
1,1,0,0,0,0.00625724,0.000941365,-5.00026,0
1,1,0,0,0,0.0136333,0.00121995,-5.00026,0
1,1,0,0,0,0.0178083,0.0016084,-5.00026,0
1,1,0,0,0,0.0235887,0.00197585,-5.00026,0
1,1,0,0,0,0.018026,0.00174446,-5.00026,0
1,1,0,0,0,0.00659342,0.00110766,-5.00026,0
1,1,0,0,0,0.00398065,0.000982462,-5.00026,0
1,1,0,0,0,0.00426253,0.00109301,-5.00026,0
1,1,0,0,0,0.00314444,0.0010148,-5.00026,0
1,1,0,0,0,0.00536641,0.00116429,-5.00026,0
1,1,0,0,0,0.00578477,0.00123482,-5.00026,0
1,1,0,0,0,0.00235356,0.000847652,-5.00026,0
1,1,0,0,0,0.00151043,0.000764279,-5.00026,0
1,1,0,0,0,-0.00382655,0.00058637,-5.00026,0
1,1,0,0,0,-0.00633881,0.000559657,-5.00026,0
1,1,0,0,0,-0.00534697,0.000765846,-5.00026,0
1,1,0,0,0,-0.0095748,0.000683774,-5.00026,0
1,1,0,0,0,-0.00963774,0.000688131,-5.00026,0
1,1,0,0,0,-0.00961726,0.000569267,-5.00026,0
1,1,0,0,0,-0.0096466,0.000530399,-5.00026,0
1,1,0,0,0,-0.0101847,0.000343057,-5.00026,0
1,1,0,0,0,-0.0115114,7.70592e-05,-5.00026,0
1,1,0,0,0,-0.0110442,1.22885e-05,-5.00026,0
1,1,0,0,0,-0.00980337,-0.00011752,-5.00026,0
1,1,0,0,0,-0.00768204,-7.96154e-05,-5.00026,0
1,1,0,0,0,-0.00609821,0.000309885,-5.00026,0
1,1,0,0,0,-0.00385419,0.000685636,-5.00026,0
1,1,0,0,0,-0.00167073,0.000718872,-5.00026,0
1,1,0,0,0,-0.00355275,0.000505697,-5.00026,0
1,1,0,0,0,-0.00628438,0.000288826,-5.00026,0
1,1,0,0,0,0.00144491,0.000708471,-5.00026,0
1,1,0,0,0,0.0100098,0.00129043,-5.00026,0
1,1,0,0,0,0.0123569,0.00175659,-5.00026,0
1,1,0,0,0,0.0241709,0.00281061,-5.00026,0
1,1,0,0,0,0.0223566,0.00248307,-5.00026,0
1,1,0,0,0,0.0138349,0.00170386,-5.00026,0
1,1,0,0,0,0.0146977,0.00177493,-5.00026,0
1,1,0,0,0,0.0132599,0.00155008,-5.00026,0
1,1,0,0,0,0.00994662,0.00124044,-5.00026,0
1,1,0,0,0,0.0116344,0.00121028,-5.00026,0
1,1,0,0,0,0.0101867,0.00111488,-5.00026,0
1,1,0,0,0,0.00587986,0.000735848,-5.00026,0
1,1,0,0,0,0.00212802,0.000457075,-5.00026,0
1,1,0,0,0,0.00168767,0.000455987,-5.00026,0
1,1,0,0,0,-0.00272133,0.000174527,-5.00026,0
1,1,0,0,0,-0.00589015,0.000139958,-5.00026,0
1,1,0,0,0,-0.00794099,0.000132447,-5.00026,0
1,1,0,0,0,-0.00467662,0.000310052,-5.00026,0
1,1,0,0,0,0.004502,0.00104797,-5.00026,0
1,1,0,0,0,0.0131787,0.00165496,-5.00026,0
1,1,0,0,0,0.0101812,0.001411,-5.00026,0
1,1,0,0,0,0.00675698,0.00120016,-5.00026,0
1,1,0,0,0,0.00690483,0.00136329,-5.00026,0
1,1,0,0,0,-0.00363714,0.000610373,-5.00026,0
1,1,0,0,0,-0.00333082,0.000518496,-5.00026,0
1,1,0,0,0,0.000519973,0.000670577,-5.00026,0
1,1,0,0,0,7.18403e-05,0.000567726,-5.00026,0
1,1,0,0,0,-0.00753435,6.4248e-05,-5.00026,0
1,1,0,0,0,-0.00443729,0.000264625,-5.00026,0
1,1,0,0,0,-0.00323769,0.000308485,-5.00026,0
1,1,0,0,0,-0.00518627,0.000164764,-5.00026,0
1,1,0,0,0,-0.00298235,0.000171786,-5.00026,0
1,1,0,0,0,-0.00267307,0.000150911,-5.00026,0
1,1,0,0,0,-0.00777672,0.000152305,-5.00026,0
1,1,0,0,0,-0.00696937,0.000328067,-5.00026,0
1,1,0,0,0,-0.00468479,0.000607012,-5.00026,0
1,1,0,0,0,-0.00517109,0.000827463,-5.00026,0
1,1,0,0,0,-0.00353503,0.000948151,-5.00026,0
1,1,0,0,0,-0.00170903,0.00101472,-5.00026,0
1,1,0,0,0,-0.00581882,0.000836416,-5.00026,0
1,1,0,0,0,-0.0096004,0.000577936,-5.00026,0
1,1,0,0,0,-0.0120527,0.000205497,-5.00026,0
1,1,0,0,0,-0.0092268,0.000108462,-5.00026,0
1,1,0,0,0,-0.00892991,1.27332e-05,-5.00026,0
1,1,0,0,0,-0.00965314,-9.1091e-05,-5.00026,0
1,1,0,0,0,-0.00978157,-0.000232635,-5.00026,0
1,1,0,0,0,-0.011514,-0.000216185,-5.00026,0
1,1,0,0,0,-0.0176216,-0.000516741,-5.00026,0
1,1,0,0,0,-0.0185489,-0.000517637,-5.00026,0
1,1,0,0,0,-0.0161273,-0.000103006,-5.00026,0
1,1,0,0,0,-0.00662576,0.00071895,-5.00026,0
1,1,0,0,0,-0.00498418,0.000760714,-5.00026,0
1,1,0,0,0,-0.00436838,0.000720278,-5.00026,0
1,1,0,0,0,-0.00486551,0.000595496,-5.00026,0
1,1,0,0,0,-0.00843707,0.000202284,-5.00026,0
1,1,0,0,0,-0.0143809,-0.000110188,-5.00026,0
1,1,0,0,0,-0.0144669,-7.26982e-05,-5.00026,0
1,1,0,0,0,-0.0121354,0.000159425,-5.00026,0
1,1,0,0,0,-0.00947309,0.00030516,-5.00026,0
1,1,0,0,0,-0.0103416,0.000264799,-5.00026,0
1,1,0,0,0,-0.0102068,0.000282744,-5.00026,0
1,1,0,0,0,-0.0095789,0.000282115,-5.00026,0
1,1,0,0,0,-0.0114747,0.000174011,-5.00026,0
1,1,0,0,0,-0.0122114,0.000156415,-5.00026,0
1,1,0,0,0,-0.0121643,8.76425e-05,-5.00026,0
1,1,0,0,0,-0.00974365,0.000207194,-5.00026,0
1,1,0,0,0,-0.00463095,0.000515503,-5.00026,0
1,1,0,0,0,0.00198326,0.000846595,-5.00026,0
1,1,0,0,0,0.0108319,0.00128757,-5.00026,0
1,1,0,0,0,0.00921428,0.00114296,-5.00026,0
1,1,0,0,0,0.00527132,0.000930986,-5.00026,0
1,1,0,0,0,0.00425482,0.000921223,-5.00026,0
1,1,0,0,0,-0.0024696,0.00061246,-5.00026,0
1,1,0,0,0,-0.00553909,0.000523115,-5.00026,0
1,1,0,0,0,-0.000369878,0.000864196,-5.00026,0
1,1,0,0,0,0.00617437,0.00123931,-5.00026,0
1,1,0,0,0,0.00193696,0.000947383,-5.00026,0
1,1,0,0,0,0.000711046,0.000718164,-5.00026,0
1,1,0,0,0,-0.00230331,0.00047112,-5.00026,0
1,1,0,0,0,-0.0110886,5.69929e-05,-5.00026,0
1,1,0,0,0,-0.0147854,-0.000113731,-5.00026,0
1,1,0,0,0,-0.0153219,-2.78794e-05,-5.00026,0
1,1,0,0,0,-0.0149431,0.000109126,-5.00026,0
1,1,0,0,0,-0.0145657,0.000131068,-5.00026,0
1,1,0,0,0,-0.0140632,4.96514e-05,-5.00026,0
1,1,0,0,0,-0.0134465,8.01016e-05,-5.00026,0
1,1,0,0,0,-0.0107544,0.000262311,-5.00026,0
1,1,0,0,0,-0.00997085,0.000352706,-5.00026,0
1,1,0,0,0,-0.00875599,0.00032295,-5.00026,0
1,1,0,0,0,-0.00882985,0.00053301,-5.00026,0
1,1,0,0,0,-0.00944826,0.000446742,-5.00026,0
1,1,0,0,0,-0.00977938,0.000302941,-5.00026,0
1,1,0,0,0,-0.00718439,0.000469288,-5.00026,0
1,1,0,0,0,-0.00452706,0.000658609,-5.00026,0
1,1,0,0,0,0.011316,0.00116859,-5.00026,0
1,1,0,0,0,0.0327109,0.00247883,-5.00026,0
1,1,0,0,0,0.0354499,0.0025501,-5.00026,0
1,1,0,0,0,0.0439956,0.00307961,-5.00026,0
1,1,0,0,0,0.038932,0.00290995,-5.00026,0
1,1,0,0,0,0.0126465,0.00152868,-5.00026,0
1,1,0,0,0,0.00530556,0.00120827,-5.00026,0
1,1,0,0,0,-0.00372416,0.000753016,-5.00026,0
1,1,0,0,0,-0.00669119,0.000704912,-5.00026,0
1,1,0,0,0,-0.00647633,0.00067364,-5.00026,0
1,1,0,0,0,-0.00652611,0.00056092,-5.00026,0
1,1,0,0,0,-0.00924103,0.000395253,-5.00026,0
1,1,0,0,0,-0.00873241,0.000397134,-5.00026,0
1,1,0,0,0,-0.0102635,0.000356173,-5.00026,0
1,1,0,0,0,-0.0117531,0.000281454,-5.00026,0
1,1,0,0,0,-0.00822296,0.000586269,-5.00026,0
1,1,0,0,0,-0.00473964,0.00102718,-5.00026,0
1,1,0,0,0,-0.00453297,0.000939403,-5.00026,0
1,1,0,0,0,-0.00391444,0.000904021,-5.00026,0
1,1,0,0,0,-0.00390576,0.000924695,-5.00026,0
1,1,0,0,0,-0.00932612,0.000274143,-5.00026,0
1,1,0,0,0,-0.00956893,0.000250676,-5.00026,0
1,1,0,0,0,-0.00484104,0.000639893,-5.00026,0
1,1,0,0,0,0.00560314,0.00128452,-5.00026,0
1,1,0,0,0,0.0129767,0.00165207,-5.00026,0
1,1,0,0,0,0.0137038,0.00163877,-5.00026,0
1,1,0,0,0,0.0114794,0.0013683,-5.00026,0
1,1,0,0,0,0.00377147,0.000839259,-5.00026,0
1,1,0,0,0,-0.00532109,0.000661994,-5.00026,0
1,1,0,0,0,0.000944982,0.00102364,-5.00026,0
1,1,0,0,0,0.00384533,0.00129401,-5.00026,0
1,1,0,0,0,0.00284692,0.00131173,-5.00026,0
1,1,0,0,0,0.00121388,0.00111106,-5.00026,0
1,1,0,0,0,-0.00409517,0.000732676,-5.00026,0
1,1,0,0,0,-0.0138559,0.000230083,-5.00026,0
1,1,0,0,0,-0.012685,0.000158385,-5.00026,0
1,1,0,0,0,-0.0101452,0.000185957,-5.00026,0
1,1,0,0,0,-0.00790965,0.000233222,-5.00026,0
1,1,0,0,0,-0.00442729,0.000312279,-5.00026,0
1,1,0,0,0,-0.00190899,0.000466967,-5.00026,0
1,1,0,0,0,-0.00256486,0.000858798,-5.00026,0
1,1,0,0,0,-0.00143403,0.0010859,-5.00026,0
1,1,0,0,0,0.00565837,0.00147727,-5.00026,0
1,1,0,0,0,0.00738296,0.00169836,-5.00026,0
1,1,0,0,0,0.00611552,0.00135515,-5.00026,0
1,1,0,0,0,0.00424179,0.00111102,-5.00026,0
1,1,0,0,0,-0.00242419,0.000910559,-5.00026,0
1,1,0,0,0,-0.00390963,0.000895321,-5.00026,0
1,1,0,0,0,-0.00324704,0.00106868,-5.00026,0
1,1,0,0,0,0.00582588,0.00181968,-5.00026,0
1,1,0,0,0,0.00997715,0.00195184,-5.00026,0
1,1,0,0,0,0.00472742,0.00154006,-5.00026,0
1,1,0,0,0,0.00151289,0.00127601,-5.00026,0
1,1,0,0,0,-0.00340755,0.000621267,-5.00026,0
1,1,0,0,0,-0.0101596,0.000102779,-5.00026,0
1,1,0,0,0,-0.0126259,-7.90147e-05,-5.00026,0
1,1,0,0,0,-0.00765648,0.000103872,-5.00026,0
1,1,0,0,0,-0.00101842,0.000505694,-5.00026,0
1,1,0,0,0,0.000877186,0.000912558,-5.00026,0
1,1,0,0,0,0.00931455,0.00154229,-5.00026,0
1,1,0,0,0,0.0136273,0.00165656,-5.00026,0
1,1,0,0,0,0.0178262,0.00206353,-5.00026,0
1,1,0,0,0,0.0229252,0.00216539,-5.00026,0
1,1,0,0,0,0.0159024,0.00148919,-5.00026,0
1,1,0,0,0,0.0106487,0.00122474,-5.00026,0
1,1,0,0,0,0.00610047,0.00115739,-5.00026,0
1,1,0,0,0,-0.00915124,0.000290366,-5.00026,0
1,1,0,0,0,-0.00728082,0.000459642,-5.00026,0
1,1,0,0,0,-0.00437578,0.000658721,-5.00026,0
1,1,0,0,0,-0.00657618,0.000585191,-5.00026,0
1,1,0,0,0,-0.00656899,0.00050109,-5.00026,0
1,1,0,0,0,-0.00443658,0.000605165,-5.00026,0
1,1,0,0,0,-0.00933858,0.00043067,-5.00026,0
1,1,0,0,0,-0.00965845,0.000508181,-5.00026,0
1,1,0,0,0,-0.0082363,0.000393112,-5.00026,0
1,1,0,0,0,-0.00263219,0.000663561,-5.00026,0
1,1,0,0,0,0.00374324,0.00100239,-5.00026,0
1,1,0,0,0,0.00694153,0.00107515,-5.00026,0
1,1,0,0,0,0.00776381,0.00103839,-5.00026,0
1,1,0,0,0,0.00205692,0.000822934,-5.00026,0
1,1,0,0,0,-0.00674638,0.000476246,-5.00026,0
1,1,0,0,0,0.00102387,0.000761957,-5.00026,0
1,1,0,0,0,0.00745418,0.00095556,-5.00026,0
1,1,0,0,0,0.00767829,0.00097742,-5.00026,0
1,1,0,0,0,0.00710028,0.000851932,-5.00026,0
1,1,0,0,0,0.000856509,0.000449785,-5.00026,0
1,1,0,0,0,-0.00968262,0.00011849,-5.00026,0
1,1,0,0,0,-0.00927616,0.000106832,-5.00026,0
1,1,0,0,0,-0.00827279,0.00024371,-5.00026,0
1,1,0,0,0,-0.00887618,0.000181495,-5.00026,0
1,1,0,0,0,-0.00773714,0.00013978,-5.00026,0
1,1,0,0,0,-0.0115313,-0.000100789,-5.00026,0
1,1,0,0,0,-0.0138143,-0.000181288,-5.00026,0
1,1,0,0,0,-0.0124427,-0.000115207,-5.00026,0
1,1,0,0,0,-0.00929376,8.37795e-05,-5.00026,0
1,1,0,0,0,-0.00912608,0.000288879,-5.00026,0
1,1,0,0,0,-0.00754631,0.000427736,-5.00026,0
1,1,0,0,0,-0.00286146,0.000502288,-5.00026,0
1,1,0,0,0,-0.00492128,0.000427943,-5.00026,0
1,1,0,0,0,-0.00710559,0.000175619,-5.00026,0
1,1,0,0,0,-0.00156598,0.000451168,-5.00026,0
1,1,0,0,0,0.0176976,0.00189653,-5.00026,0
1,1,0,0,0,0.0216667,0.00215445,-5.00026,0
1,1,0,0,0,0.0270002,0.00235419,-5.00026,0
1,1,0,0,0,0.0311159,0.00282521,-5.00026,0
1,1,0,0,0,0.0169726,0.00171096,-5.00026,0
1,1,0,0,0,0.000157724,0.00057738,-5.00026,0
1,1,0,0,0,-0.0020881,0.000482537,-5.00026,0
1,1,0,0,0,-0.00885964,6.16462e-05,-5.00026,0
1,1,0,0,0,-0.00801681,8.13337e-05,-5.00026,0
1,1,0,0,0,-0.00813834,9.31534e-05,-5.00026,0
1,1,0,0,0,-0.00890978,7.7589e-05,-5.00026,0
1,1,0,0,0,-0.00817496,0.000176328,-5.00026,0
1,1,0,0,0,-0.00833976,0.000216296,-5.00026,0
1,1,0,0,0,-0.00868925,0.000238013,-5.00026,0
1,1,0,0,0,-0.00858924,0.000212928,-5.00026,0
1,1,0,0,0,-0.00924418,0.000120181,-5.00026,0
1,1,0,0,0,-0.00698468,0.000222474,-5.00026,0
1,1,0,0,0,-0.0060934,0.000202789,-5.00026,0
1,1,0,0,0,-0.00627092,0.000271313,-5.00026,0
1,1,0,0,0,-0.00648705,0.000211922,-5.00026,0
1,1,0,0,0,-0.00879108,3.40096e-05,-5.00026,0
1,1,0,0,0,-0.0127604,-0.00024791,-5.00026,0
1,1,0,0,0,-0.0132637,-0.000380155,-5.00026,0
1,1,0,0,0,-0.0135097,-0.000560228,-5.00026,0
1,1,0,0,0,-0.0124478,-0.000359249,-5.00026,0
1,1,0,0,0,-0.0118594,-0.000336032,-5.00026,0
1,1,0,0,0,-0.0128523,-0.000187353,-5.00026,0
1,1,0,0,0,-0.0137048,-8.48294e-05,-5.00026,0
1,1,0,0,0,-0.0116289,0.00015491,-5.00026,0
1,1,0,0,0,-0.0101664,0.000327581,-5.00026,0
1,1,0,0,0,-0.00943242,0.000459661,-5.00026,0
1,1,0,0,0,-0.00925603,0.00023691,-5.00026,0
1,1,0,0,0,-0.00938211,0.000113123,-5.00026,0
1,1,0,0,0,-0.0144324,-0.000361234,-5.00026,0
1,1,0,0,0,-0.0149824,-0.00054275,-5.00026,0
1,1,0,0,0,-0.0117132,-0.000319,-5.00026,0
1,1,0,0,0,-0.00992398,0.000123228,-5.00026,0
1,1,0,0,0,-0.00892327,0.000233382,-5.00026,0
1,1,0,0,0,-0.00709294,0.000397898,-5.00026,0
1,1,0,0,0,-0.00660726,0.000371643,-5.00026,0
1,1,0,0,0,-0.0103732,-2.66597e-05,-5.00026,0
1,1,0,0,0,-0.0113054,-0.000281805,-5.00026,0
1,1,0,0,0,-0.0130425,-0.000401956,-5.00026,0
1,1,0,0,0,-0.0132254,-0.000447743,-5.00026,0
1,1,0,0,0,-0.0122552,-0.000268036,-5.00026,0
1,1,0,0,0,-0.00902299,0.000184378,-5.00026,0
1,1,0,0,0,-0.0090661,0.000307265,-5.00026,0
1,1,0,0,0,-0.0107973,0.000223934,-5.00026,0
1,1,0,0,0,-0.0125477,0.000123012,-5.00026,0
1,1,0,0,0,-0.0141017,4.91549e-05,-5.00026,0
1,1,0,0,0,-0.0131323,-0.00012215,-5.00026,0
1,1,0,0,0,-0.011696,1.61656e-05,-5.00026,0
1,1,0,0,0,-0.0111809,0.000212726,-5.00026,0
1,1,0,0,0,-0.0113413,0.00011302,-5.00026,0
1,1,0,0,0,-0.0128345,-4.2891e-05,-5.00026,0
1,1,0,0,0,-0.0128167,7.01941e-05,-5.00026,0
1,1,0,0,0,-0.00971578,0.00027998,-5.00026,0
1,1,0,0,0,-0.0070905,0.000411516,-5.00026,0
1,1,0,0,0,-0.00317096,0.000707402,-5.00026,0
1,1,0,0,0,0.00490625,0.00128765,-5.00026,0
1,1,0,0,0,0.00339655,0.0010822,-5.00026,0
1,1,0,0,0,0.00113776,0.000919139,-5.00026,0
1,1,0,0,0,0.00539608,0.00123566,-5.00026,0
1,1,0,0,0,-0.00246549,0.000729807,-5.00026,0
1,1,0,0,0,-0.00531442,0.000543032,-5.00026,0
1,1,0,0,0,-0.00329262,0.000734524,-5.00026,0
1,1,0,0,0,-0.00863901,0.000503082,-5.00026,0
1,1,0,0,0,0.0129551,0.00161331,-5.00026,0
1,1,0,0,0,0.0153548,0.00184411,-5.00026,0
1,1,0,0,0,0.0228853,0.00222434,-5.00026,0
1,1,0,0,0,0.0273496,0.00235875,-5.00026,0
1,1,0,0,0,0.0234076,0.00192166,-5.00026,0
1,1,0,0,0,0.00753656,0.000841274,-5.00026,0
1,1,0,0,0,0.00200437,0.000594036,-5.00026,0
1,1,0,0,0,0.00245063,0.000925262,-5.00026,0
1,1,0,0,0,0.0134305,0.00166869,-5.00026,0
1,1,0,0,0,0.0259327,0.00257021,-5.00026,0
1,1,0,0,0,0.032866,0.00293957,-5.00026,0
1,1,0,0,0,0.0381219,0.00291557,-5.00026,0
1,1,0,0,0,0.0236713,0.00186934,-5.00026,0
1,1,0,0,0,0.00865563,0.00115323,-5.00026,0
1,1,0,0,0,-0.00032306,0.000682891,-5.00026,0
1,1,0,0,0,-0.00722625,0.000238607,-5.00026,0
1,1,0,0,0,-0.0116821,2.88082e-05,-5.00026,0
1,1,0,0,0,-0.011675,-6.54616e-05,-5.00026,0
1,1,0,0,0,-0.0112373,-9.48062e-06,-5.00026,0
1,1,0,0,0,-0.00949946,0.000180832,-5.00026,0
1,1,0,0,0,-0.00879478,0.000381488,-5.00026,0
1,1,0,0,0,-0.00772903,0.000486793,-5.00026,0
1,1,0,0,0,-0.00846085,0.000365158,-5.00026,0
1,1,0,0,0,-0.00835785,0.000189343,-5.00026,0
1,1,0,0,0,-0.00880856,0.000162946,-5.00026,0
1,1,0,0,0,-0.00912831,3.28079e-05,-5.00026,0
1,1,0,0,0,-0.00903371,8.36234e-05,-5.00026,0
1,1,0,0,0,-0.00827668,0.000220639,-5.00026,0
1,1,0,0,0,-0.00945886,9.5444e-05,-5.00026,0
1,1,0,0,0,-0.00755253,0.000194009,-5.00026,0
1,1,0,0,0,-0.00661973,0.000200165,-5.00026,0
1,1,0,0,0,-0.00477002,0.000285219,-5.00026,0
1,1,0,0,0,-0.00181989,0.000527011,-5.00026,0
1,1,0,0,0,-0.000878946,0.000521605,-5.00026,0
1,1,0,0,0,0.000913956,0.000702715,-5.00026,0
1,1,0,0,0,0.0012587,0.000679245,-5.00026,0
1,1,0,0,0,-0.00139938,0.000409179,-5.00026,0
1,1,0,0,0,-0.000777299,0.000393363,-5.00026,0
1,1,0,0,0,-0.000536581,0.00038396,-5.00026,0
1,1,0,0,0,0.00162385,0.000538262,-5.00026,0
1,1,0,0,0,0.00145425,0.000636835,-5.00026,0
1,1,0,0,0,-0.000735007,0.000501488,-5.00026,0
1,1,0,0,0,-0.00544159,0.000359825,-5.00026,0
1,1,0,0,0,-0.00959923,0.000188859,-5.00026,0
1,1,0,0,0,-0.00846136,0.000453025,-5.00026,0
1,1,0,0,0,-0.00576467,0.000753311,-5.00026,0
1,1,0,0,0,-0.00214243,0.000996124,-5.00026,0
1,1,0,0,0,-0.00199834,0.000961797,-5.00026,0
1,1,0,0,0,0.00513266,0.00119725,-5.00026,0
1,1,0,0,0,0.00736727,0.00130325,-5.00026,0
1,1,0,0,0,0.00277485,0.00115419,-5.00026,0
1,1,0,0,0,0.0126049,0.0017122,-5.00026,0
1,1,0,0,0,0.0149538,0.00191637,-5.00026,0
1,1,0,0,0,0.00707708,0.00132274,-5.00026,0
1,1,0,0,0,0.0138149,0.00170995,-5.00026,0
1,1,0,0,0,0.0102355,0.00142057,-5.00026,0
1,1,0,0,0,0.00386767,0.0010517,-5.00026,0
1,1,0,0,0,0.00211122,0.000852826,-5.00026,0
1,1,0,0,0,-0.00267448,0.000330309,-5.00026,0
1,1,0,0,0,0.00238045,0.000678254,-5.00026,0
1,1,0,0,0,0.00956777,0.000969218,-5.00026,0
1,1,0,0,0,0.00915739,0.00114978,-5.00026,0
1,1,0,0,0,0.00666314,0.00120606,-5.00026,0
1,1,0,0,0,0.00459198,0.00101725,-5.00026,0
1,1,0,0,0,-0.000130805,0.000687351,-5.00026,0
1,1,0,0,0,-0.000948317,0.000512002,-5.00026,0
1,1,0,0,0,0.00225503,0.000501347,-5.00026,0
1,1,0,0,0,0.00441453,0.000644659,-5.00026,0
1,1,0,0,0,0.00104802,0.000520448,-5.00026,0
1,1,0,0,0,-0.00207218,0.000541491,-5.00026,0
1,1,0,0,0,-0.00201609,0.00077879,-5.00026,0
1,1,0,0,0,0.011755,0.00161653,-5.00026,0
1,1,0,0,0,0.022121,0.0023038,-5.00026,0
1,1,0,0,0,0.0234031,0.00239305,-5.00026,0
1,1,0,0,0,0.0305981,0.00293018,-5.00026,0
1,1,0,0,0,0.0251806,0.00254864,-5.00026,0
1,1,0,0,0,0.0128439,0.00185234,-5.00026,0
1,1,0,0,0,0.0337146,0.0029647,-5.00026,0
1,1,0,0,0,0.0514315,0.00391136,-5.00026,0
1,1,0,0,0,0.064352,0.00446446,-5.00026,0
1,1,0,0,0,0.0802135,0.00530415,-5.00026,0
1,1,0,0,0,0.0774829,0.00491241,-5.00026,0
1,1,0,0,0,0.0632831,0.00399471,-5.00026,0
1,1,0,0,0,0.045126,0.00289121,-5.00026,0
1,1,0,0,0,0.0192069,0.00162979,-5.00026,0
1,1,0,0,0,0.00768888,0.00114433,-5.00026,0
1,1,0,0,0,0.00185262,0.000877277,-5.00026,0
1,1,0,0,0,0.00258434,0.000993892,-5.00026,0
1,1,0,0,0,0.000978241,0.00084561,-5.00026,0
1,1,0,0,0,0.00632555,0.00113285,-5.00026,0
1,1,0,0,0,0.0149452,0.00172767,-5.00026,0
1,1,0,0,0,0.00825732,0.00140135,-5.00026,0
1,1,0,0,0,0.00924311,0.00147519,-5.00026,0
1,1,0,0,0,0.0196151,0.00225544,-5.00026,0
1,1,0,0,0,0.00976698,0.0015607,-5.00026,0
1,1,0,0,0,0.00114481,0.000982049,-5.00026,0
1,1,0,0,0,0.0139686,0.00171713,-5.00026,-0.000183975
1,1,0,0,0,0.0270033,0.00263873,-5.00026,-0.000183975
1,1,0,0,0,0.0398748,0.00350352,-5.00026,-0.000183975
1,1,0,0,0,0.0608672,0.00502097,-5.00026,-0.000183975
1,1,0,0,0,0.0762115,0.00598997,-5.00026,-0.000183975
1,1,0,0,0,0.0593647,0.00511351,-5.00026,-0.000183975
1,1,0,0,0,0.045984,0.00416561,-5.00026,-0.000183975
1,1,0,0,0,0.0259909,0.00278762,-5.00026,-0.000183975
1,1,0,0,0,0.00497877,0.00149209,-5.00026,-0.000183975
1,1,0,0,0,0.00573538,0.0015192,-5.00026,-0.000183975
1,1,0,0,0,0.0172373,0.00246103,-5.00026,-0.000183975
1,1,0,0,0,0.0143059,0.00239307,-5.00026,0
1,1,0,0,0,0.0164585,0.00245845,-5.00026,0
1,1,0,0,0,0.022605,0.002742,-5.00026,0
1,1,0,0,0,0.00828488,0.001593,-5.00026,0
1,1,0,0,0,0.0368286,0.00323094,-5.00026,0
1,1,0,0,0,0.071614,0.00565276,-5.00026,-0.000183975
1,1,0,0,0,0.0740608,0.00580171,-5.00026,-0.000183975
1,1,0,0,0,0.074322,0.00589349,-5.00026,-0.000183975
1,1,0,0,0,0.0606191,0.00530895,-5.00026,-0.000183975
1,1,0,0,0,0.0320669,0.00338508,-5.00026,-0.000183975
1,1,0,0,0,0.00590469,0.00159296,-5.00026,-0.000183975
1,1,0,0,0,0.00615803,0.00163898,-5.00026,-0.000183975
1,1,0,0,0,-0.000701486,0.00101,-5.00026,-0.000183975
1,1,0,0,0,-0.00914533,0.000245069,-5.00026,-0.000183975
1,1,0,0,0,-0.0119593,4.49539e-05,-5.00026,-0.000183975
1,1,0,0,0,-0.00940682,0.000336648,-5.00026,-0.000183975
1,1,0,0,0,-0.00496597,0.000622354,-5.00026,-0.000183975
1,1,0,0,0,-0.00308761,0.000679779,-5.00026,-0.000183975
1,1,0,0,0,-0.00352569,0.000612458,-5.00026,-0.000183975
1,1,0,0,0,-0.00459486,0.000550945,-5.00026,-0.000183975
1,1,0,0,0,-0.0102364,0.000163374,-5.00026,-0.000183975
1,1,0,0,0,-0.0115346,0.000248456,-5.00026,-0.000183975
1,1,0,0,0,-0.00544268,0.000868852,-5.00026,-0.000183975
1,1,0,0,0,-0.00292192,0.00115128,-5.00026,-0.000183975
1,1,0,0,0,-0.00416634,0.0011336,-5.00026,-0.000183975
1,1,0,0,0,0.00352841,0.00171046,-5.00026,-0.000183975
1,1,0,0,0,0.0195553,0.00247344,-5.00026,-0.000183975
1,1,0,0,0,0.0205662,0.00250677,-5.00026,-0.000183975
1,1,0,0,0,0.0232918,0.00252868,-5.00026,-0.000183975
1,1,0,0,0,0.0250296,0.0025513,-5.00026,-0.000183975
1,1,0,0,0,0.0055632,0.00132847,-5.00026,-0.000183975
1,1,0,0,0,-0.002228,0.000873812,-5.00026,0
1,1,0,0,0,0.00245226,0.00109901,-5.00026,0
1,1,0,0,0,0.00248377,0.000956318,-5.00026,0
1,1,0,0,0,0.00484708,0.000942912,-5.00026,0
1,1,0,0,0,0.00230857,0.000746645,-5.00026,0
1,1,0,0,0,0.00425285,0.00114371,-5.00026,0
1,1,0,0,0,0.0105992,0.00164944,-5.00026,0
1,1,0,0,0,0.0100069,0.00182026,-5.00026,0
1,1,0,0,0,0.0104532,0.00185813,-5.00026,0
1,1,0,0,0,0.0124767,0.0020944,-5.00026,0
1,1,0,0,0,0.0140126,0.00206387,-5.00026,0
1,1,0,0,0,0.0317015,0.00307347,-5.00026,0
1,1,0,0,0,0.0428849,0.00421353,-5.00026,0
1,1,0,0,0,0.0393522,0.0041689,-5.00026,0
1,1,0,0,0,0.0318433,0.00374842,-5.00026,0
1,1,0,0,0,0.0108089,0.00242312,-5.00026,0
1,1,0,0,0,-0.00797878,0.00120063,-5.00026,0
1,1,0,0,0,-0.001072,0.00153585,-5.00026,0
1,1,0,0,0,0.000525404,0.00156441,-5.00026,0
1,1,0,0,0,0.00177296,0.00178686,-5.00026,0
1,1,0,0,0,0.000654529,0.00167925,-5.00026,0
1,1,0,0,0,-0.00776359,0.00092812,-5.00026,0
1,1,0,0,0,-0.00578805,0.000950917,-5.00026,0
1,1,0,0,0,0.00381186,0.00127662,-5.00026,0
1,1,0,0,0,0.00489172,0.00111327,-5.00026,0
1,1,0,0,0,0.00687319,0.00120044,-5.00026,0
1,1,0,0,0,0.00677152,0.00115453,-5.00026,0
1,1,0,0,0,-0.00432901,0.000331964,-5.00026,0
1,1,0,0,0,-0.00467833,0.000450415,-5.00026,0
1,1,0,0,0,0.00601927,0.00144258,-5.00026,0
1,1,0,0,0,0.00661216,0.00162861,-5.00026,0
1,1,0,0,0,0.00476239,0.00155572,-5.00026,0
1,1,0,0,0,0.00352346,0.00138616,-5.00026,0
1,1,0,0,0,-0.00678708,0.000524781,-5.00026,0
1,1,0,0,0,-0.0151174,-0.00010813,-5.00026,0
1,1,0,0,0,-0.0137244,-0.000102642,-5.00026,0
1,1,0,0,0,-0.0132244,-9.00722e-05,-5.00026,0
1,1,0,0,0,-0.0114055,0.000110926,-5.00026,0
1,1,0,0,0,-0.0103449,0.000239323,-5.00026,0
1,1,0,0,0,-0.0109769,0.000182858,-5.00026,0
1,1,0,0,0,-0.00838789,0.000563792,-5.00026,0
1,1,0,0,0,-0.00768133,0.000813411,-5.00026,0
1,1,0,0,0,-0.00740972,0.000885438,-5.00026,0
1,1,0,0,0,-0.00725074,0.0010992,-5.00026,0
1,1,0,0,0,-0.00662873,0.00083686,-5.00026,0
1,1,0,0,0,-0.00665207,0.000503707,-5.00026,0
1,1,0,0,0,-0.00255692,0.000930414,-5.00026,0
1,1,0,0,0,-0.000719429,0.000935609,-5.00026,0
1,1,0,0,0,0.00130604,0.00139287,-5.00026,0
1,1,0,0,0,0.00559098,0.00183169,-5.00026,0
1,1,0,0,0,0.00465949,0.00177705,-5.00026,0
1,1,0,0,0,-0.000326484,0.00116444,-5.00026,0
1,1,0,0,0,-0.00316534,0.000745677,-5.00026,0
1,1,0,0,0,-0.00977419,0.000192096,-5.00026,0
1,1,0,0,0,0.0164514,0.00173491,-5.00026,0
1,1,0,0,0,0.0384813,0.00298194,-5.00026,0
1,1,0,0,0,0.043254,0.00336368,-5.00026,0
1,1,0,0,0,0.0522131,0.00390939,-5.00026,0
1,1,0,0,0,0.0389384,0.00307502,-5.00026,0
1,1,0,0,0,0.015214,0.00148271,-5.00026,0
1,1,0,0,0,0.0193311,0.00155603,-5.00026,0
1,1,0,0,0,0.0200309,0.00155739,-5.00026,0
1,1,0,0,0,0.0138954,0.00124931,-5.00026,0
1,1,0,0,0,0.0129587,0.00130835,-5.00026,0
1,1,0,0,0,0.00448866,0.00100365,-5.00026,0
1,1,0,0,0,0.00410696,0.00121126,-5.00026,0
1,1,0,0,0,0.00815164,0.00141887,-5.00026,0
1,1,0,0,0,0.00758966,0.00127646,-5.00026,0
1,1,0,0,0,0.0171691,0.00186597,-5.00026,0
1,1,0,0,0,0.0239446,0.00245096,-5.00026,0
1,1,0,0,0,0.0201544,0.00212955,-5.00026,0
1,1,0,0,0,0.0245622,0.00246199,-5.00026,0
1,1,0,0,0,0.0206422,0.00223792,-5.00026,0
1,1,0,0,0,0.0094875,0.00147693,-5.00026,0
1,1,0,0,0,0.000276856,0.000685861,-5.00026,0
1,1,0,0,0,-0.00329908,0.00044573,-5.00026,0
1,1,0,0,0,-0.00531065,0.000173542,-5.00026,0
1,1,0,0,0,-0.00387012,0.000206227,-5.00026,0
1,1,0,0,0,-0.000643906,0.000396696,-5.00026,0
1,1,0,0,0,0.000515897,0.00048267,-5.00026,0
1,1,0,0,0,-0.00318957,0.000385646,-5.00026,0
1,1,0,0,0,-0.00502561,0.000477265,-5.00026,0
1,1,0,0,0,0.00161066,0.000852067,-5.00026,0
1,1,0,0,0,-0.0018085,0.000789617,-5.00026,0
1,1,0,0,0,-0.00224938,0.00072507,-5.00026,0
1,1,0,0,0,-0.00171998,0.000488683,-5.00026,0
1,1,0,0,0,-0.00741267,-3.55849e-05,-5.00026,0
1,1,0,0,0,-0.0117864,-0.000359918,-5.00026,0
1,1,0,0,0,-0.00611585,-1.47258e-05,-5.00026,0
1,1,0,0,0,0.000693203,0.000685916,-5.00026,0
1,1,0,0,0,0.0138339,0.00161256,-5.00026,0
1,1,0,0,0,0.0231079,0.00228465,-5.00026,0
1,1,0,0,0,0.0233159,0.00235112,-5.00026,0
1,1,0,0,0,0.0182908,0.00184814,-5.00026,0
1,1,0,0,0,0.0111146,0.00124948,-5.00026,0
1,1,0,0,0,0.000913932,0.000579288,-5.00026,0
1,1,0,0,0,0.0245983,0.00183483,-5.00026,0
1,1,0,0,0,0.0293916,0.0021178,-5.00026,0
1,1,0,0,0,0.0279643,0.00205726,-5.00026,0
1,1,0,0,0,0.0293964,0.0021583,-5.00026,0
1,1,0,0,0,0.02324,0.00182429,-5.00026,0
1,1,0,0,0,-0.00431978,0.00025293,-5.00026,0
1,1,0,0,0,0.00600392,0.000872676,-5.00026,0
1,1,0,0,0,0.0202767,0.00174835,-5.00026,0
1,1,0,0,0,0.0221379,0.00196637,-5.00026,0
1,1,0,0,0,0.0226119,0.00208543,-5.00026,0
1,1,0,0,0,0.0232779,0.00222144,-5.00026,0
1,1,0,0,0,0.0128769,0.0017615,-5.00026,0
1,1,0,0,0,0.00614419,0.00131293,-5.00026,0
1,1,0,0,0,0.00761531,0.00138368,-5.00026,0
1,1,0,0,0,0.0184373,0.00205483,-5.00026,0
1,1,0,0,0,0.0120165,0.00154156,-5.00026,0
1,1,0,0,0,0.00277582,0.000824971,-5.00026,0
1,1,0,0,0,0.00246311,0.000892004,-5.00026,0
1,1,0,0,0,-0.00565406,0.000372025,-5.00026,0
1,1,0,0,0,-0.00765144,0.000343741,-5.00026,0
1,1,0,0,0,-0.00268116,0.000792006,-5.00026,0
1,1,0,0,0,-0.00230155,0.000909063,-5.00026,0
1,1,0,0,0,0.0011412,0.00123875,-5.00026,0
1,1,0,0,0,0.0111286,0.00167279,-5.00026,0
1,1,0,0,0,0.0109625,0.0016499,-5.00026,0
1,1,0,0,0,0.0117805,0.00177539,-5.00026,0
1,1,0,0,0,0.0165047,0.00192583,-5.00026,0
1,1,0,0,0,0.0174701,0.00192268,-5.00026,0
1,1,0,0,0,0.00929841,0.00159807,-5.00026,0
1,1,0,0,0,0.00745239,0.00131042,-5.00026,0
1,1,0,0,0,0.00344142,0.000925002,-5.00026,0
1,1,0,0,0,0.00291698,0.00112465,-5.00026,0
1,1,0,0,0,-0.00312707,0.000871198,-5.00026,0
1,1,0,0,0,-0.0016373,0.000955269,-5.00026,0
1,1,0,0,0,0.000339942,0.00106132,-5.00026,0
1,1,0,0,0,-0.000588733,0.000792762,-5.00026,-0.000183975
1,1,0,0,0,0.00404743,0.000761877,-5.00026,-0.000183975
1,1,0,0,0,0.0167272,0.000912855,-5.00026,-0.000183975
1,1,0,0,0,0.0218773,0.00107467,-5.00026,-0.000183975
1,1,0,0,0,0.020411,0.000963526,-5.00026,-0.000183975
1,1,0,0,0,0.0184308,0.000957781,-5.00026,-0.000183975
1,1,0,0,0,0.00916426,0.0006715,-5.00026,-0.000183975
1,1,0,0,0,0.000703734,0.000376366,-5.00026,-0.000183975
1,1,0,0,0,-0.00226879,0.000269322,-5.00026,-0.000183975
1,1,0,0,0,-0.000446443,0.000533132,-5.00026,-0.000183975
1,1,0,0,0,-0.00317229,0.000376614,-5.00026,-0.000183975
1,1,0,0,0,-0.00589726,0.000210724,-5.00026,-0.000183975
1,1,0,0,0,-0.00497557,0.000325962,-5.00026,-0.000183975
1,1,0,0,0,0.00288586,0.000869752,-5.00026,-0.000183975
1,1,0,0,0,0.0128777,0.00136527,-5.00026,-0.000183975
1,1,0,0,0,0.0125941,0.00146988,-5.00026,-0.000183975
1,1,0,0,0,0.0164127,0.00172367,-5.00026,-0.000183975
1,1,0,0,0,0.0142404,0.00134497,-5.00026,-0.000183975
1,1,0,0,0,0.000758392,0.000503643,-5.00026,-0.000183975
1,1,0,0,0,0.00289151,0.000508159,-5.00026,0
1,1,0,0,0,0.00443715,0.000679634,-5.00026,0
1,1,0,0,0,0.00356439,0.000729712,-5.00026,-0.000183975
1,1,0,0,0,0.00633453,0.000874524,-5.00026,-0.000183975
1,1,0,0,0,0.0067673,0.00105683,-5.00026,-0.000183975
1,1,0,0,0,0.00480727,0.000982603,-5.00026,0
1,1,0,0,0,0.00184467,0.000681605,-5.00026,0
1,1,0,0,0,0.00443519,0.00103347,-5.00026,0
1,1,0,0,0,0.00741738,0.00116403,-5.00026,0
1,1,0,0,0,0.00951096,0.00126871,-5.00026,0
1,1,0,0,0,0.0168828,0.00172409,-5.00026,0
1,1,0,0,0,0.0167414,0.0015995,-5.00026,-0.000183975
1,1,0,0,0,0.0163347,0.00168077,-5.00026,-0.000183975
1,1,0,0,0,0.0124006,0.00147936,-5.00026,-0.000183975
1,1,0,0,0,0.00809088,0.00107749,-5.00026,-0.000183975
1,1,0,0,0,0.0126292,0.00133024,-5.00026,-0.000183975
1,1,0,0,0,0.0218288,0.00190193,-5.00026,-0.000183975
1,1,0,0,0,0.0291273,0.00216505,-5.00026,-0.000183975
1,1,0,0,0,0.0264363,0.00199429,-5.00026,-0.000183975
1,1,0,0,0,0.0209418,0.00159203,-5.00026,-0.000183975
1,1,0,0,0,0.0198679,0.00159727,-5.00026,-0.000183975
1,1,0,0,0,0.000807846,0.000741528,-5.00026,-0.000183975
1,1,0,0,0,0.00758225,0.00105484,-5.00026,-0.000183975
1,1,0,0,0,0.0181417,0.00177031,-5.00026,-0.000183975
1,1,0,0,0,0.0161699,0.00173735,-5.00026,-0.000183975
1,1,0,0,0,0.0163671,0.00165107,-5.00026,-0.000183975
1,1,0,0,0,0.0259548,0.0021387,-5.00026,-0.000183975
1,1,0,0,0,0.0225089,0.00186836,-5.00026,-0.000183975
1,1,0,0,0,0.0228536,0.00182514,-5.00026,-0.000183975
1,1,0,0,0,0.0292311,0.00214809,-5.00026,-0.000183975
1,1,0,0,0,0.0431855,0.0031183,-5.00026,-0.000183975
1,1,0,0,0,0.050298,0.0039805,-5.00026,-0.000183975
1,1,0,0,0,0.0502792,0.00398881,-5.00026,-0.000183975
1,1,0,0,0,0.0524882,0.00434018,-5.00026,-0.000183975
1,1,0,0,0,0.0355969,0.00333047,-5.00026,-0.000183975
1,1,0,0,0,0.0123661,0.00160029,-5.00026,-0.000183975
1,1,0,0,0,0.00243124,0.00083426,-5.00026,-0.000183975
1,1,0,0,0,-0.000648787,0.000655249,-5.00026,-0.000183975
1,1,0,0,0,-0.00477841,0.000296441,-5.00026,-0.000183975
1,1,0,0,0,-0.00466596,0.000194438,-5.00026,-0.000183975
1,1,0,0,0,-0.00454623,0.000342877,-5.00026,-0.000183975
1,1,0,0,0,0.00562221,0.0010129,-5.00026,-0.000183975
1,1,0,0,0,0.0248174,0.00208498,-5.00026,-0.000183975
1,1,0,0,0,0.0455013,0.00342476,-5.00026,-0.000183975
1,1,0,0,0,0.0582607,0.00432606,-5.00026,-0.000183975
1,1,0,0,0,0.0633872,0.00463854,-5.00026,0
1,1,0,0,0,0.0502439,0.00391364,-5.00026,0
1,1,0,0,0,0.0369229,0.0034066,-5.00026,0
1,1,0,0,0,0.0236262,0.0026977,-5.00026,0
1,1,0,0,0,0.017526,0.00247203,-5.00026,0
1,1,0,0,0,0.0150176,0.00209054,-5.00026,0
1,1,0,0,0,0.0114372,0.00179418,-5.00026,0
1,1,0,0,0,0.025265,0.00243476,-5.00026,0
1,1,0,0,0,0.0257142,0.00214305,-5.00026,0
1,1,0,0,0,0.0226546,0.00188986,-5.00026,0
1,1,0,0,0,0.0270867,0.00210646,-5.00026,0
1,1,0,0,0,0.0224949,0.00141357,-5.00026,0
1,1,0,0,0,0.0195928,0.00140245,-5.00026,0
1,1,0,0,0,0.0316963,0.00226759,-5.00026,0
1,1,0,0,0,0.0506181,0.00349052,-5.00026,-0.000183975
1,1,0,0,0,0.0493718,0.00365853,-5.00026,-0.000183975
1,1,0,0,0,0.0476536,0.00394146,-5.00026,-0.000183975
1,1,0,0,0,0.0509266,0.00410203,-5.00026,-0.000183975
1,1,0,0,0,0.0274128,0.00270229,-5.00026,-0.000183975
1,1,0,0,0,0.0255859,0.00237411,-5.00026,-0.000183975
1,1,0,0,0,0.016091,0.00167763,-5.00026,0
1,1,0,0,0,0.00636363,0.00115593,-5.00026,0
1,1,0,0,0,0.0178148,0.00151447,-5.00026,0
