Time,Mode,Dof,ControlType,Trial,whichStim,NormF,ShearF,NormP,ShearP,eeRadius,CombinedE,ContactRadius,PlanarA,SphericalA,MeanStress,MeanStrain,ElasticStrainEnergy_N,YoungModulusNS,PoissonNS,CouplingBetaNS,ShearModulusNS,ComplianceN_NS,ComplianceT_NS
0.013628,1,1,0,0,4,4.68161,-0.371268,0.599575,0,30,1.3808,4.24114,56.5086,113.017,0.0828477,0.0282743,16.6681,-4.14239,2,1.5,-0.690399,-0,0
0.081781,1,1,0,0,4,9.36919,-0.742542,0.599575,0,30,2.76336,4.24114,56.5086,113.017,0.165801,0.0282743,84.127,-8.29007,2,1.5,-1.38168,-0,0
0.091844,1,1,0,0,4,9.36883,-0.742539,0.599575,0,30,2.76325,4.24114,56.5086,113.017,0.165795,0.0282743,84.1196,-8.28975,2,1.5,-1.38163,-0,0
0.102636,1,1,0,0,4,9.36815,-0.742535,0.599575,0,30,2.76305,4.24114,56.5086,113.017,0.165783,0.0282743,84.1054,-8.28915,2,1.5,-1.38153,-0,0
0.114534,1,1,0,0,4,9.36752,-0.742578,0.599575,0,30,2.76287,4.24114,56.5086,113.017,0.165771,0.0282743,84.0922,-8.2886,2,1.5,-1.38143,-0,0
0.126669,1,1,0,0,4,9.36758,-0.742505,0.599575,0,30,2.76288,4.24114,56.5086,113.017,0.165772,0.0282743,84.0933,-8.28864,2,1.5,-1.38144,-0,0
0.137528,1,1,0,0,4,9.36916,-0.742378,0.599575,0,30,2.76335,4.24114,56.5086,113.017,0.1658,0.0282743,84.1265,-8.29005,2,1.5,-1.38167,-0,0
0.148476,1,1,0,0,4,9.36894,-0.742476,0.599575,0,30,2.76328,4.24114,56.5086,113.017,0.165797,0.0282743,84.1218,-8.28985,2,1.5,-1.38164,-0,0
0.159415,1,1,0,0,4,9.36897,-0.742498,0.599575,0,30,2.76329,4.24114,56.5086,113.017,0.165797,0.0282743,84.1224,-8.28987,2,1.5,-1.38165,-0,0
0.170639,1,1,0,0,4,9.3697,-0.742414,0.599575,0,30,2.76351,4.24114,56.5086,113.017,0.16581,0.0282743,84.1378,-8.29052,2,1.5,-1.38175,-0,0
0.181395,1,1,0,0,4,9.36937,-0.742468,0.599575,0,30,2.76341,4.24114,56.5086,113.017,0.165804,0.0282743,84.1309,-8.29023,2,1.5,-1.38171,-0,0
0.192424,1,1,0,0,4,9.36954,-0.742493,0.599575,0,30,2.76346,4.24114,56.5086,113.017,0.165807,0.0282743,84.1344,-8.29038,2,1.5,-1.38173,-0,0
0.203435,1,1,0,0,4,9.36968,-0.742363,0.599575,0,30,2.7635,4.24114,56.5086,113.017,0.16581,0.0282743,84.1373,-8.2905,2,1.5,-1.38175,-0,0
0.2143,1,1,0,0,4,9.36945,-0.742389,0.599575,0,30,2.76343,4.24114,56.5086,113.017,0.165806,0.0282743,84.1326,-8.2903,2,1.5,-1.38172,-0,0
0.226332,1,1,0,0,4,9.36965,-0.742355,0.599575,0,30,2.76349,4.24114,56.5086,113.017,0.165809,0.0282743,84.1367,-8.29048,2,1.5,-1.38175,-0,0
0.238333,1,1,0,0,4,9.36877,-0.742348,0.599575,0,30,2.76323,4.24114,56.5086,113.017,0.165794,0.0282743,84.1184,-8.2897,2,1.5,-1.38162,-0,0
0.250227,1,1,0,0,4,9.36849,-0.742486,0.599575,0,30,2.76315,4.24114,56.5086,113.017,0.165789,0.0282743,84.1125,-8.28945,2,1.5,-1.38158,-0,0
0.261404,1,1,0,0,4,9.36841,-0.742549,0.599575,0,30,2.76313,4.24114,56.5086,113.017,0.165787,0.0282743,84.1108,-8.28938,2,1.5,-1.38156,-0,0
0.273221,1,1,0,0,4,9.36792,-0.742481,0.599575,0,30,2.76298,4.24114,56.5086,113.017,0.165778,0.0282743,84.1005,-8.28895,2,1.5,-1.38149,-0,0
0.285186,1,1,0,0,4,9.36808,-0.742377,0.599575,0,30,2.76303,4.24114,56.5086,113.017,0.165781,0.0282743,84.1039,-8.28909,2,1.5,-1.38152,-0,0
0.29613,1,1,0,0,4,9.36809,-0.742348,0.599575,0,30,2.76303,4.24114,56.5086,113.017,0.165782,0.0282743,84.1041,-8.2891,2,1.5,-1.38152,-0,0
0.307094,1,1,0,0,4,9.36783,-0.742282,0.599575,0,30,2.76296,4.24114,56.5086,113.017,0.165777,0.0282743,84.0987,-8.28887,2,1.5,-1.38148,-0,0
0.318189,1,1,0,0,4,9.3687,-0.742365,0.599575,0,30,2.76321,4.24114,56.5086,113.017,0.165792,0.0282743,84.117,-8.28964,2,1.5,-1.38161,-0,0
0.330005,1,1,0,0,4,9.36856,-0.742461,0.599575,0,30,2.76317,4.24114,56.5086,113.017,0.16579,0.0282743,84.1139,-8.28951,2,1.5,-1.38159,-0,0
0.341116,1,1,0,0,4,9.36873,-0.742481,0.599575,0,30,2.76322,4.24114,56.5086,113.017,0.165793,0.0282743,84.1174,-8.28966,2,1.5,-1.38161,-0,0
0.352974,1,1,0,0,4,9.36883,-0.742382,0.599575,0,30,2.76325,4.24114,56.5086,113.017,0.165795,0.0282743,84.1196,-8.28975,2,1.5,-1.38163,-0,0
0.363965,1,1,0,0,4,9.36861,-0.742279,0.599575,0,30,2.76319,4.24114,56.5086,113.017,0.165791,0.0282743,84.1149,-8.28956,2,1.5,-1.38159,-0,0
0.375078,1,1,0,0,4,9.36872,-0.742194,0.599575,0,30,2.76322,4.24114,56.5086,113.017,0.165793,0.0282743,84.1173,-8.28966,2,1.5,-1.38161,-0,0
0.38592,1,1,0,0,4,9.36902,-0.742208,0.599575,0,30,2.76331,4.24114,56.5086,113.017,0.165798,0.0282743,84.1235,-8.28992,2,1.5,-1.38165,-0,0
0.396864,1,1,0,0,4,9.36917,-0.742294,0.599575,0,30,2.76335,4.24114,56.5086,113.017,0.165801,0.0282743,84.1266,-8.29005,2,1.5,-1.38168,-0,0
0.407739,1,1,0,0,4,9.36891,-0.742405,0.599575,0,30,2.76327,4.24114,56.5086,113.017,0.165796,0.0282743,84.1212,-8.28982,2,1.5,-1.38164,-0,0
0.419706,1,1,0,0,4,9.36842,-0.742505,0.599575,0,30,2.76313,4.24114,56.5086,113.017,0.165787,0.0282743,84.111,-8.28939,2,1.5,-1.38156,-0,0
0.432695,1,1,0,0,4,9.36817,-0.742478,0.599575,0,30,2.76306,4.24114,56.5086,113.017,0.165783,0.0282743,84.1058,-8.28917,2,1.5,-1.38153,-0,0
0.443198,1,1,0,0,4,9.36919,-0.74235,0.599575,0,30,2.76336,4.24114,56.5086,113.017,0.165801,0.0282743,84.1272,-8.29007,2,1.5,-1.38168,-0,0
0.45405,1,1,0,0,4,9.36991,-0.742315,0.599575,0,30,2.76357,4.24114,56.5086,113.017,0.165814,0.0282743,84.1422,-8.29071,2,1.5,-1.38178,-0,0
0.464958,1,1,0,0,4,9.37045,-0.742306,0.599575,0,30,2.76373,4.24114,56.5086,113.017,0.165823,0.0282743,84.1535,-8.29118,2,1.5,-1.38186,-0,0
0.476027,1,1,0,0,4,9.37043,-0.74227,0.599575,0,30,2.76372,4.24114,56.5086,113.017,0.165823,0.0282743,84.153,-8.29117,2,1.5,-1.38186,-0,0
0.48741,1,1,0,0,4,9.36994,-0.742299,0.599575,0,30,2.76358,4.24114,56.5086,113.017,0.165814,0.0282743,84.1429,-8.29074,2,1.5,-1.38179,-0,0
0.497895,1,1,0,0,4,9.36966,-0.742289,0.599575,0,30,2.7635,4.24114,56.5086,113.017,0.165809,0.0282743,84.137,-8.29049,2,1.5,-1.38175,-0,0
0.508854,1,1,0,0,4,9.36928,-0.742172,0.599575,0,30,2.76339,4.24114,56.5086,113.017,0.165803,0.0282743,84.1291,-8.29016,2,1.5,-1.38169,-0,0
0.521322,1,1,0,0,4,9.3693,-0.742113,0.599575,0,30,2.76339,4.24114,56.5086,113.017,0.165803,0.0282743,84.1294,-8.29017,2,1.5,-1.38169,-0,0
0.531751,1,1,0,0,4,9.36992,-0.742104,0.599575,0,30,2.76357,4.24114,56.5086,113.017,0.165814,0.0282743,84.1424,-8.29072,2,1.5,-1.38179,-0,0
0.54325,1,1,0,0,4,9.37022,-0.7421,0.599575,0,30,2.76366,4.24114,56.5086,113.017,0.165819,0.0282743,84.1487,-8.29099,2,1.5,-1.38183,-0,0
0.553893,1,1,0,0,4,9.36987,-0.742113,0.599575,0,30,2.76356,4.24114,56.5086,113.017,0.165813,0.0282743,84.1413,-8.29067,2,1.5,-1.38178,-0,0
0.564647,1,1,0,0,4,9.36991,-0.742211,0.599575,0,30,2.76357,4.24114,56.5086,113.017,0.165814,0.0282743,84.1421,-8.2907,2,1.5,-1.38178,-0,0
0.57565,1,1,0,0,4,9.36979,-0.742309,0.599575,0,30,2.76354,4.24114,56.5086,113.017,0.165812,0.0282743,84.1398,-8.29061,2,1.5,-1.38177,-0,0
0.588057,1,1,0,0,4,9.36972,-0.742318,0.599575,0,30,2.76351,4.24114,56.5086,113.017,0.16581,0.0282743,84.1381,-8.29054,2,1.5,-1.38176,-0,0
0.598607,1,1,0,0,4,9.37012,-0.742362,0.599575,0,30,2.76363,4.24114,56.5086,113.017,0.165817,0.0282743,84.1466,-8.29089,2,1.5,-1.38182,-0,0
0.609984,1,1,0,0,4,9.37026,-0.742392,0.599575,0,30,2.76367,4.24114,56.5086,113.017,0.16582,0.0282743,84.1496,-8.29102,2,1.5,-1.38184,-0,0
0.620938,1,1,0,0,4,9.37063,-0.742347,0.599575,0,30,2.76378,4.24114,56.5086,113.017,0.165826,0.0282743,84.1573,-8.29135,2,1.5,-1.38189,-0,0
0.631317,1,1,0,0,4,9.37071,-0.742339,0.599575,0,30,2.76381,4.24114,56.5086,113.017,0.165828,0.0282743,84.159,-8.29142,2,1.5,-1.3819,-0,0
0.643167,1,1,0,0,4,9.36992,-0.742401,0.599575,0,30,2.76357,4.24114,56.5086,113.017,0.165814,0.0282743,84.1423,-8.29071,2,1.5,-1.38179,-0,0
0.653669,1,1,0,0,4,9.36994,-0.742405,0.599575,0,30,2.76358,4.24114,56.5086,113.017,0.165814,0.0282743,84.1427,-8.29073,2,1.5,-1.38179,-0,0
0.664197,1,1,0,0,4,9.37059,-0.742319,0.599575,0,30,2.76377,4.24114,56.5086,113.017,0.165826,0.0282743,84.1564,-8.29131,2,1.5,-1.38188,-0,0
0.675402,1,1,0,0,4,9.37064,-0.742328,0.599575,0,30,2.76378,4.24114,56.5086,113.017,0.165827,0.0282743,84.1574,-8.29135,2,1.5,-1.38189,-0,0
0.687151,1,1,0,0,4,9.37124,-0.742265,0.599575,0,30,2.76396,4.24114,56.5086,113.017,0.165837,0.0282743,84.17,-8.29188,2,1.5,-1.38198,-0,0
0.698306,1,1,0,0,4,9.37183,-0.742192,0.599575,0,30,2.76414,4.24114,56.5086,113.017,0.165848,0.0282743,84.1825,-8.29241,2,1.5,-1.38207,-0,0
0.710086,1,1,0,0,4,9.37143,-0.742244,0.599575,0,30,2.76402,4.24114,56.5086,113.017,0.165841,0.0282743,84.174,-8.29205,2,1.5,-1.38201,-0,0
0.721249,1,1,0,0,4,9.37171,-0.742228,0.599575,0,30,2.7641,4.24114,56.5086,113.017,0.165846,0.0282743,84.18,-8.29231,2,1.5,-1.38205,-0,0
0.731929,1,1,0,0,4,9.37095,-0.742214,0.599575,0,30,2.76388,4.24114,56.5086,113.017,0.165832,0.0282743,84.1639,-8.29163,2,1.5,-1.38194,-0,0
0.742977,1,1,0,0,4,9.36992,-0.742366,0.599575,0,30,2.76357,4.24114,56.5086,113.017,0.165814,0.0282743,84.1424,-8.29072,2,1.5,-1.38179,-0,0
0.754258,1,1,0,0,4,9.36978,-0.742301,0.599575,0,30,2.76353,4.24114,56.5086,113.017,0.165812,0.0282743,84.1396,-8.2906,2,1.5,-1.38177,-0,0
0.764834,1,1,0,0,4,9.36973,-0.742325,0.599575,0,30,2.76352,4.24114,56.5086,113.017,0.165811,0.0282743,84.1385,-8.29055,2,1.5,-1.38176,-0,0
0.775807,1,1,0,0,4,9.36999,-0.742308,0.599575,0,30,2.76359,4.24114,56.5086,113.017,0.165815,0.0282743,84.1439,-8.29078,2,1.5,-1.3818,-0,0
0.786919,1,1,0,0,4,9.36977,-0.742214,0.599575,0,30,2.76353,4.24114,56.5086,113.017,0.165811,0.0282743,84.1393,-8.29059,2,1.5,-1.38176,-0,0
0.798709,1,1,0,0,4,9.36916,-0.742103,0.599575,0,30,2.76335,4.24114,56.5086,113.017,0.1658,0.0282743,84.1265,-8.29005,2,1.5,-1.38167,-0,0
0.809707,1,1,0,0,4,9.36914,-0.742045,0.599575,0,30,2.76334,4.24114,56.5086,113.017,0.1658,0.0282743,84.1262,-8.29003,2,1.5,-1.38167,-0,0
0.821016,1,1,0,0,4,9.36846,-0.742041,0.599575,0,30,2.76314,4.24114,56.5086,113.017,0.165788,0.0282743,84.1118,-8.28942,2,1.5,-1.38157,-0,0
0.831732,1,1,0,0,4,9.36883,-0.742035,0.599575,0,30,2.76325,4.24114,56.5086,113.017,0.165795,0.0282743,84.1195,-8.28975,2,1.5,-1.38163,-0,0
0.843399,1,1,0,0,4,9.36963,-0.741992,0.599575,0,30,2.76349,4.24114,56.5086,113.017,0.165809,0.0282743,84.1363,-8.29046,2,1.5,-1.38174,-0,0
0.854455,1,1,0,0,4,9.36952,-0.741992,0.599575,0,30,2.76346,4.24114,56.5086,113.017,0.165807,0.0282743,84.1341,-8.29037,2,1.5,-1.38173,-0,0
0.865467,1,1,0,0,4,9.36967,-0.742047,0.599575,0,30,2.7635,4.24114,56.5086,113.017,0.16581,0.0282743,84.1372,-8.2905,2,1.5,-1.38175,-0,0
0.875833,1,1,0,0,4,9.3702,-0.741968,0.599575,0,30,2.76365,4.24114,56.5086,113.017,0.165819,0.0282743,84.1482,-8.29096,2,1.5,-1.38183,-0,0
0.887009,1,1,0,0,4,9.36939,-0.741906,0.599575,0,30,2.76342,4.24114,56.5086,113.017,0.165805,0.0282743,84.1313,-8.29025,2,1.5,-1.38171,-0,0
0.897706,1,1,0,0,4,9.36949,-0.741895,0.599575,0,30,2.76345,4.24114,56.5086,113.017,0.165806,0.0282743,84.1335,-8.29034,2,1.5,-1.38172,-0,0
0.908794,1,1,0,0,4,9.37023,-0.741862,0.599575,0,30,2.76366,4.24114,56.5086,113.017,0.165819,0.0282743,84.1489,-8.29099,2,1.5,-1.38183,-0,0
0.920829,1,1,0,0,4,9.37021,-0.741736,0.599575,0,30,2.76366,4.24114,56.5086,113.017,0.165819,0.0282743,84.1484,-8.29097,2,1.5,-1.38183,-0,0
0.931633,1,1,0,0,4,9.36949,-0.741728,0.599575,0,30,2.76345,4.24114,56.5086,113.017,0.165806,0.0282743,84.1334,-8.29034,2,1.5,-1.38172,-0,0
0.942982,1,1,0,0,4,9.36933,-0.741701,0.599575,0,30,2.7634,4.24114,56.5086,113.017,0.165804,0.0282743,84.1301,-8.2902,2,1.5,-1.3817,-0,0
0.953867,1,1,0,0,4,9.36869,-0.741628,0.599575,0,30,2.76321,4.24114,56.5086,113.017,0.165792,0.0282743,84.1165,-8.28963,2,1.5,-1.3816,-0,0
0.96445,1,1,0,0,4,9.36853,-0.741638,0.599575,0,30,2.76316,4.24114,56.5086,113.017,0.165789,0.0282743,84.1133,-8.28949,2,1.5,-1.38158,-0,0
0.975673,1,1,0,0,4,9.36882,-0.741786,0.599575,0,30,2.76325,4.24114,56.5086,113.017,0.165794,0.0282743,84.1194,-8.28975,2,1.5,-1.38162,-0,0
0.986607,1,1,0,0,4,9.36952,-0.741859,0.599575,0,30,2.76346,4.24114,56.5086,113.017,0.165807,0.0282743,84.1341,-8.29037,2,1.5,-1.38173,-0,0
0.997232,1,1,0,0,4,9.37011,-0.741933,0.599575,0,30,2.76363,4.24114,56.5086,113.017,0.165817,0.0282743,84.1465,-8.29089,2,1.5,-1.38181,-0,0
1.00858,1,1,0,0,4,9.36989,-0.742023,0.599575,0,30,2.76356,4.24114,56.5086,113.017,0.165813,0.0282743,84.1417,-8.29069,2,1.5,-1.38178,-0,0
1.0193,1,1,0,0,4,9.36955,-0.741936,0.599575,0,30,2.76346,4.24114,56.5086,113.017,0.165807,0.0282743,84.1346,-8.29039,2,1.5,-1.38173,-0,0
1.03041,1,1,0,0,4,9.37059,-0.741788,0.599575,0,30,2.76377,4.24114,56.5086,113.017,0.165826,0.0282743,84.1565,-8.29131,2,1.5,-1.38189,-0,0
1.04126,1,1,0,0,4,9.37057,-0.741776,0.599575,0,30,2.76376,4.24114,56.5086,113.017,0.165825,0.0282743,84.156,-8.29129,2,1.5,-1.38188,-0,0
1.05267,1,1,0,0,4,9.37061,-0.741791,0.599575,0,30,2.76378,4.24114,56.5086,113.017,0.165826,0.0282743,84.1569,-8.29133,2,1.5,-1.38189,-0,0
1.06368,1,1,0,0,4,9.37163,-0.741712,0.599575,0,30,2.76408,4.24114,56.5086,113.017,0.165844,0.0282743,84.1783,-8.29223,2,1.5,-1.38204,-0,0
1.07464,1,1,0,0,4,9.3716,-0.741686,0.599575,0,30,2.76407,4.24114,56.5086,113.017,0.165844,0.0282743,84.1776,-8.2922,2,1.5,-1.38203,-0,0
1.08548,1,1,0,0,4,9.37121,-0.741672,0.599575,0,30,2.76395,4.24114,56.5086,113.017,0.165837,0.0282743,84.1694,-8.29186,2,1.5,-1.38198,-0,0
1.09615,1,1,0,0,4,9.37136,-0.74158,0.599575,0,30,2.764,4.24114,56.5086,113.017,0.165839,0.0282743,84.1727,-8.292,2,1.5,-1.382,-0,0
1.10815,1,1,0,0,4,9.37174,-0.741538,0.599575,0,30,2.76411,4.24114,56.5086,113.017,0.165846,0.0282743,84.1806,-8.29233,2,1.5,-1.38205,-0,0
1.11935,1,1,0,0,4,9.37108,-0.741596,0.599575,0,30,2.76391,4.24114,56.5086,113.017,0.165834,0.0282743,84.1667,-8.29174,2,1.5,-1.38196,-0,0
1.13101,1,1,0,0,4,9.37054,-0.741652,0.599575,0,30,2.76375,4.24114,56.5086,113.017,0.165825,0.0282743,84.1553,-8.29126,2,1.5,-1.38188,-0,0
1.14212,1,1,0,0,4,9.37048,-0.741727,0.599575,0,30,2.76374,4.24114,56.5086,113.017,0.165824,0.0282743,84.1542,-8.29121,2,1.5,-1.38187,-0,0
1.15282,1,1,0,0,4,9.37053,-0.741715,0.599575,0,30,2.76375,4.24114,56.5086,113.017,0.165825,0.0282743,84.1552,-8.29126,2,1.5,-1.38188,-0,0
1.16496,1,1,0,0,4,9.36993,-0.741769,0.599575,0,30,2.76358,4.24114,56.5086,113.017,0.165814,0.0282743,84.1427,-8.29073,2,1.5,-1.38179,-0,0
1.17574,1,1,0,0,4,9.37072,-0.741763,0.599575,0,30,2.76381,4.24114,56.5086,113.017,0.165828,0.0282743,84.1593,-8.29143,2,1.5,-1.3819,-0,0
1.18707,1,1,0,0,4,9.37112,-0.741715,0.599575,0,30,2.76393,4.24114,56.5086,113.017,0.165835,0.0282743,84.1676,-8.29178,2,1.5,-1.38196,-0,0
1.19888,1,1,0,0,4,9.37118,-0.74173,0.599575,0,30,2.76394,4.24114,56.5086,113.017,0.165836,0.0282743,84.1688,-8.29183,2,1.5,-1.38197,-0,0
1.21102,1,1,0,0,4,9.37137,-0.741679,0.599575,0,30,2.764,4.24114,56.5086,113.017,0.16584,0.0282743,84.1729,-8.292,2,1.5,-1.382,-0,0
1.22321,1,1,0,0,4,9.37196,-0.741678,0.599575,0,30,2.76417,4.24114,56.5086,113.017,0.16585,0.0282743,84.1851,-8.29252,2,1.5,-1.38209,-0,0
1.23384,1,1,0,0,4,9.37214,-0.741677,0.599575,0,30,2.76423,4.24114,56.5086,113.017,0.165853,0.0282743,84.1889,-8.29268,2,1.5,-1.38211,-0,0
1.24535,1,1,0,0,4,9.37179,-0.741545,0.599575,0,30,2.76412,4.24114,56.5086,113.017,0.165847,0.0282743,84.1815,-8.29237,2,1.5,-1.38206,-0,0
1.25635,1,1,0,0,4,9.37186,-0.741502,0.599575,0,30,2.76415,4.24114,56.5086,113.017,0.165848,0.0282743,84.1831,-8.29244,2,1.5,-1.38207,-0,0
1.267,1,1,0,0,4,9.37088,-0.741408,0.599575,0,30,2.76386,4.24114,56.5086,113.017,0.165831,0.0282743,84.1625,-8.29157,2,1.5,-1.38193,-0,0
1.27788,1,1,0,0,4,9.37011,-0.7413,0.599575,0,30,2.76363,4.24114,56.5086,113.017,0.165817,0.0282743,84.1465,-8.29089,2,1.5,-1.38181,-0,0
1.28916,1,1,0,0,4,9.37022,-0.74122,0.599575,0,30,2.76366,4.24114,56.5086,113.017,0.165819,0.0282743,84.1488,-8.29099,2,1.5,-1.38183,-0,0
1.29996,1,1,0,0,4,9.37036,-0.741199,0.599575,0,30,2.7637,4.24114,56.5086,113.017,0.165822,0.0282743,84.1517,-8.29111,2,1.5,-1.38185,-0,0
1.31079,1,1,0,0,4,9.37036,-0.741144,0.599575,0,30,2.7637,4.24114,56.5086,113.017,0.165822,0.0282743,84.1517,-8.29111,2,1.5,-1.38185,-0,0
1.32157,1,1,0,0,4,9.37099,-0.74112,0.599575,0,30,2.76389,4.24114,56.5086,113.017,0.165833,0.0282743,84.1648,-8.29166,2,1.5,-1.38194,-0,0
1.33283,1,1,0,0,4,9.37117,-0.741086,0.599575,0,30,2.76394,4.24114,56.5086,113.017,0.165836,0.0282743,84.1686,-8.29182,2,1.5,-1.38197,-0,0
1.34354,1,1,0,0,4,9.3713,-0.741077,0.599575,0,30,2.76398,4.24114,56.5086,113.017,0.165838,0.0282743,84.1714,-8.29194,2,1.5,-1.38199,-0,0
1.35452,1,1,0,0,4,9.37143,-0.741037,0.599575,0,30,2.76402,4.24114,56.5086,113.017,0.165841,0.0282743,84.1741,-8.29206,2,1.5,-1.38201,-0,0
1.36542,1,1,0,0,4,9.37211,-0.740928,0.599575,0,30,2.76422,4.24114,56.5086,113.017,0.165853,0.0282743,84.1884,-8.29266,2,1.5,-1.38211,-0,0
1.37623,1,1,0,0,4,9.37207,-0.740901,0.599575,0,30,2.76421,4.24114,56.5086,113.017,0.165852,0.0282743,84.1874,-8.29262,2,1.5,-1.3821,-0,0
1.38721,1,1,0,0,4,9.3724,-0.740905,0.599575,0,30,2.7643,4.24114,56.5086,113.017,0.165858,0.0282743,84.1944,-8.29291,2,1.5,-1.38215,-0,0
1.3982,1,1,0,0,4,9.37305,-0.74078,0.599575,0,30,2.7645,4.24114,56.5086,113.017,0.165869,0.0282743,84.2081,-8.29349,2,1.5,-1.38225,-0,0
1.40918,1,1,0,0,4,9.37339,-0.740773,0.599575,0,30,2.7646,4.24114,56.5086,113.017,0.165875,0.0282743,84.2151,-8.29379,2,1.5,-1.3823,-0,0
1.4211,1,1,0,0,4,9.37301,-0.740821,0.599575,0,30,2.76448,4.24114,56.5086,113.017,0.165869,0.0282743,84.2072,-8.29345,2,1.5,-1.38224,-0,0
1.43249,1,1,0,0,4,9.37262,-0.740857,0.599575,0,30,2.76437,4.24114,56.5086,113.017,0.165862,0.0282743,84.199,-8.29311,2,1.5,-1.38218,-0,0
1.44331,1,1,0,0,4,9.37214,-0.740922,0.599575,0,30,2.76423,4.24114,56.5086,113.017,0.165853,0.0282743,84.1889,-8.29268,2,1.5,-1.38211,-0,0
1.45545,1,1,0,0,4,9.37104,-0.741077,0.599575,0,30,2.7639,4.24114,56.5086,113.017,0.165834,0.0282743,84.1658,-8.2917,2,1.5,-1.38195,-0,0
1.46623,1,1,0,0,4,9.3714,-0.741003,0.599575,0,30,2.76401,4.24114,56.5086,113.017,0.16584,0.0282743,84.1734,-8.29203,2,1.5,-1.382,-0,0
1.47771,1,1,0,0,4,9.37188,-0.740848,0.599575,0,30,2.76415,4.24114,56.5086,113.017,0.165849,0.0282743,84.1835,-8.29245,2,1.5,-1.38208,-0,0
1.48821,1,1,0,0,4,9.37148,-0.740749,0.599575,0,30,2.76403,4.24114,56.5086,113.017,0.165842,0.0282743,84.1752,-8.2921,2,1.5,-1.38202,-0,0
1.50028,1,1,0,0,4,9.37166,-0.740627,0.599575,0,30,2.76409,4.24114,56.5086,113.017,0.165845,0.0282743,84.179,-8.29226,2,1.5,-1.38204,-0,0
1.51215,1,1,0,0,4,9.37206,-0.740598,0.599575,0,30,2.7642,4.24114,56.5086,113.017,0.165852,0.0282743,84.1872,-8.29261,2,1.5,-1.3821,-0,0
1.52309,1,1,0,0,4,9.37206,-0.740666,0.599575,0,30,2.7642,4.24114,56.5086,113.017,0.165852,0.0282743,84.1872,-8.29261,2,1.5,-1.3821,-0,0
1.53549,1,1,0,0,4,9.3723,-0.740741,0.599575,0,30,2.76428,4.24114,56.5086,113.017,0.165856,0.0282743,84.1923,-8.29283,2,1.5,-1.38214,-0,0
1.54661,1,1,0,0,4,9.37228,-0.740739,0.599575,0,30,2.76427,4.24114,56.5086,113.017,0.165856,0.0282743,84.192,-8.29281,2,1.5,-1.38213,-0,0
1.55744,1,1,0,0,4,9.37235,-0.740787,0.599575,0,30,2.76429,4.24114,56.5086,113.017,0.165857,0.0282743,84.1934,-8.29287,2,1.5,-1.38215,-0,0
1.56852,1,1,0,0,4,9.37192,-0.740807,0.599575,0,30,2.76416,4.24114,56.5086,113.017,0.165849,0.0282743,84.1843,-8.29249,2,1.5,-1.38208,-0,0
1.57886,1,1,0,0,4,9.37161,-0.740773,0.599575,0,30,2.76407,4.24114,56.5086,113.017,0.165844,0.0282743,84.1779,-8.29221,2,1.5,-1.38204,-0,0
1.59001,1,1,0,0,4,9.3719,-0.740732,0.599575,0,30,2.76416,4.24114,56.5086,113.017,0.165849,0.0282743,84.184,-8.29247,2,1.5,-1.38208,-0,0
1.60084,1,1,0,0,4,9.37265,-0.740687,0.599575,0,30,2.76438,4.24114,56.5086,113.017,0.165862,0.0282743,84.1996,-8.29313,2,1.5,-1.38219,-0,0
1.61178,1,1,0,0,4,9.37239,-0.740764,0.599575,0,30,2.7643,4.24114,56.5086,113.017,0.165858,0.0282743,84.1941,-8.2929,2,1.5,-1.38215,-0,0
1.62404,1,1,0,0,4,9.37315,-0.740825,0.599575,0,30,2.76452,4.24114,56.5086,113.017,0.165871,0.0282743,84.2101,-8.29357,2,1.5,-1.38226,-0,0
1.63459,1,1,0,0,4,9.37429,-0.740818,0.599575,0,30,2.76486,4.24114,56.5086,113.017,0.165891,0.0282743,84.2339,-8.29458,2,1.5,-1.38243,-0,0
1.64642,1,1,0,0,4,9.3743,-0.740893,0.599575,0,30,2.76487,4.24114,56.5086,113.017,0.165891,0.0282743,84.2343,-8.2946,2,1.5,-1.38243,-0,0
1.65715,1,1,0,0,4,9.37442,-0.740834,0.599575,0,30,2.7649,4.24114,56.5086,113.017,0.165894,0.0282743,84.2368,-8.2947,2,1.5,-1.38245,-0,0
1.66783,1,1,0,0,4,9.37492,-0.740741,0.599575,0,30,2.76505,4.24114,56.5086,113.017,0.165902,0.0282743,84.2472,-8.29514,2,1.5,-1.38252,-0,0
1.67887,1,1,0,0,4,9.37394,-0.740777,0.599575,0,30,2.76476,4.24114,56.5086,113.017,0.165885,0.0282743,84.2266,-8.29427,2,1.5,-1.38238,-0,0
1.68969,1,1,0,0,4,9.3735,-0.740799,0.599575,0,30,2.76463,4.24114,56.5086,113.017,0.165877,0.0282743,84.2175,-8.29389,2,1.5,-1.38231,-0,0
1.70059,1,1,0,0,4,9.37415,-0.740762,0.599575,0,30,2.76482,4.24114,56.5086,113.017,0.165889,0.0282743,84.231,-8.29446,2,1.5,-1.38241,-0,0
1.71156,1,1,0,0,4,9.37336,-0.740784,0.599575,0,30,2.76459,4.24114,56.5086,113.017,0.165875,0.0282743,84.2145,-8.29376,2,1.5,-1.38229,-0,0
1.72272,1,1,0,0,4,9.37325,-0.740768,0.599575,0,30,2.76455,4.24114,56.5086,113.017,0.165873,0.0282743,84.2122,-8.29366,2,1.5,-1.38228,-0,0
1.79794,1,1,0,0,4,9.37294,-0.741054,0.599575,0,30,2.76446,4.24114,56.5086,113.017,0.165867,0.0282743,84.2058,-8.29339,2,1.5,-1.38223,-0,0
1.79907,1,1,0,0,4,9.37297,-0.741062,0.599575,0,30,2.76447,4.24114,56.5086,113.017,0.165868,0.0282743,84.2062,-8.29341,2,1.5,-1.38224,-0,0
1.81035,1,1,0,0,4,9.37371,-0.741115,0.599575,0,30,2.76469,4.24114,56.5086,113.017,0.165881,0.0282743,84.2218,-8.29407,2,1.5,-1.38235,-0,0
1.82193,1,1,0,0,4,9.37361,-0.741013,0.599575,0,30,2.76466,4.24114,56.5086,113.017,0.165879,0.0282743,84.2197,-8.29398,2,1.5,-1.38233,-0,0
1.83238,1,1,0,0,4,9.37367,-0.74094,0.599575,0,30,2.76468,4.24114,56.5086,113.017,0.16588,0.0282743,84.2211,-8.29404,2,1.5,-1.38234,-0,0
1.84317,1,1,0,0,4,9.37477,-0.740748,0.599575,0,30,2.765,4.24114,56.5086,113.017,0.1659,0.0282743,84.2441,-8.29501,2,1.5,-1.3825,-0,0
1.85419,1,1,0,0,4,9.37405,-0.740745,0.599575,0,30,2.76479,4.24114,56.5086,113.017,0.165887,0.0282743,84.2289,-8.29437,2,1.5,-1.3824,-0,0
1.86608,1,1,0,0,4,9.37376,-0.740828,0.599575,0,30,2.76471,4.24114,56.5086,113.017,0.165882,0.0282743,84.2229,-8.29412,2,1.5,-1.38235,-0,0
1.87755,1,1,0,0,4,9.37409,-0.740814,0.599575,0,30,2.7648,4.24114,56.5086,113.017,0.165888,0.0282743,84.2299,-8.29441,2,1.5,-1.3824,-0,0
1.88854,1,1,0,0,4,9.3725,-0.740829,0.599575,0,30,2.76433,4.24114,56.5086,113.017,0.16586,0.0282743,84.1966,-8.293,2,1.5,-1.38217,-0,0
1.89916,1,1,0,0,4,9.37216,-0.740831,0.599575,0,30,2.76423,4.24114,56.5086,113.017,0.165853,0.0282743,84.1893,-8.2927,2,1.5,-1.38212,-0,0
1.91111,1,1,0,0,4,9.37236,-0.740732,0.599575,0,30,2.76429,4.24114,56.5086,113.017,0.165857,0.0282743,84.1936,-8.29288,2,1.5,-1.38215,-0,0
1.92218,1,1,0,0,4,9.37182,-0.740719,0.599575,0,30,2.76413,4.24114,56.5086,113.017,0.165848,0.0282743,84.1822,-8.2924,2,1.5,-1.38207,-0,0
1.93364,1,1,0,0,4,9.37169,-0.74076,0.599575,0,30,2.7641,4.24114,56.5086,113.017,0.165845,0.0282743,84.1796,-8.29229,2,1.5,-1.38205,-0,0
1.94417,1,1,0,0,4,9.37198,-0.740798,0.599575,0,30,2.76418,4.24114,56.5086,113.017,0.16585,0.0282743,84.1855,-8.29254,2,1.5,-1.38209,-0,0
1.95485,1,1,0,0,4,9.37158,-0.740713,0.599575,0,30,2.76406,4.24114,56.5086,113.017,0.165843,0.0282743,84.1773,-8.29219,2,1.5,-1.38203,-0,0
1.96694,1,1,0,0,4,9.37199,-0.740658,0.599575,0,30,2.76418,4.24114,56.5086,113.017,0.165851,0.0282743,84.1857,-8.29255,2,1.5,-1.38209,-0,0
1.97879,1,1,0,0,4,9.37124,-0.74068,0.599575,0,30,2.76396,4.24114,56.5086,113.017,0.165837,0.0282743,84.1701,-8.29189,2,1.5,-1.38198,-0,0
1.98988,1,1,0,0,4,9.37113,-0.740696,0.599575,0,30,2.76393,4.24114,56.5086,113.017,0.165835,0.0282743,84.1678,-8.29179,2,1.5,-1.38196,-0,0
2.00218,1,1,0,0,4,9.37123,-0.740741,0.599575,0,30,2.76396,4.24114,56.5086,113.017,0.165837,0.0282743,84.1698,-8.29188,2,1.5,-1.38198,-0,0
2.01281,1,1,0,0,4,9.37119,-0.740757,0.599575,0,30,2.76395,4.24114,56.5086,113.017,0.165836,0.0282743,84.169,-8.29184,2,1.5,-1.38197,-0,0
2.02486,1,1,0,0,4,9.37127,-0.740827,0.599575,0,30,2.76397,4.24114,56.5086,113.017,0.165838,0.0282743,84.1708,-8.29192,2,1.5,-1.38199,-0,0
2.03674,1,1,0,0,4,9.37147,-0.740891,0.599575,0,30,2.76403,4.24114,56.5086,113.017,0.165841,0.0282743,84.1749,-8.29209,2,1.5,-1.38201,-0,0
2.04754,1,1,0,0,4,9.37138,-0.740922,0.599575,0,30,2.764,4.24114,56.5086,113.017,0.16584,0.0282743,84.1731,-8.29201,2,1.5,-1.382,-0,0
2.05908,1,1,0,0,4,9.37148,-0.740994,0.599575,0,30,2.76403,4.24114,56.5086,113.017,0.165841,0.0282743,84.175,-8.29209,2,1.5,-1.38202,-0,0
2.07009,1,1,0,0,4,9.37175,-0.740953,0.599575,0,30,2.76411,4.24114,56.5086,113.017,0.165846,0.0282743,84.1807,-8.29234,2,1.5,-1.38206,-0,0
2.08058,1,1,0,0,4,9.37191,-0.740915,0.599575,0,30,2.76416,4.24114,56.5086,113.017,0.165849,0.0282743,84.1841,-8.29248,2,1.5,-1.38208,-0,0
2.09158,1,1,0,0,4,9.37186,-0.740913,0.599575,0,30,2.76414,4.24114,56.5086,113.017,0.165848,0.0282743,84.183,-8.29243,2,1.5,-1.38207,-0,0
2.10253,1,1,0,0,4,9.37205,-0.740911,0.599575,0,30,2.7642,4.24114,56.5086,113.017,0.165852,0.0282743,84.1871,-8.2926,2,1.5,-1.3821,-0,0
2.1137,1,1,0,0,4,9.37152,-0.741037,0.599575,0,30,2.76404,4.24114,56.5086,113.017,0.165842,0.0282743,84.1759,-8.29213,2,1.5,-1.38202,-0,0
2.12474,1,1,0,0,4,9.37132,-0.741093,0.599575,0,30,2.76399,4.24114,56.5086,113.017,0.165839,0.0282743,84.1718,-8.29196,2,1.5,-1.38199,-0,0
2.13558,1,1,0,0,4,9.37169,-0.741092,0.599575,0,30,2.76409,4.24114,56.5086,113.017,0.165845,0.0282743,84.1795,-8.29228,2,1.5,-1.38205,-0,0
2.14733,1,1,0,0,4,9.37191,-0.741062,0.599575,0,30,2.76416,4.24114,56.5086,113.017,0.165849,0.0282743,84.1842,-8.29248,2,1.5,-1.38208,-0,0
2.15845,1,1,0,0,4,9.37059,-0.741081,0.599575,0,30,2.76377,4.24114,56.5086,113.017,0.165826,0.0282743,84.1565,-8.29131,2,1.5,-1.38189,-0,0
2.16974,1,1,0,0,4,9.37055,-0.741058,0.599575,0,30,2.76376,4.24114,56.5086,113.017,0.165825,0.0282743,84.1556,-8.29127,2,1.5,-1.38188,-0,0
2.18047,1,1,0,0,4,9.37076,-0.741145,0.599575,0,30,2.76382,4.24114,56.5086,113.017,0.165829,0.0282743,84.1599,-8.29146,2,1.5,-1.38191,-0,0
2.19262,1,1,0,0,4,9.36971,-0.741231,0.599575,0,30,2.76351,4.24114,56.5086,113.017,0.16581,0.0282743,84.1381,-8.29053,2,1.5,-1.38176,-0,0
2.20351,1,1,0,0,4,9.36999,-0.74123,0.599575,0,30,2.76359,4.24114,56.5086,113.017,0.165815,0.0282743,84.1438,-8.29078,2,1.5,-1.3818,-0,0
2.21417,1,1,0,0,4,9.36942,-0.741212,0.599575,0,30,2.76342,4.24114,56.5086,113.017,0.165805,0.0282743,84.1319,-8.29027,2,1.5,-1.38171,-0,0
2.22518,1,1,0,0,4,9.36962,-0.740556,0.599575,0,30,2.76348,4.24114,56.5086,113.017,0.165809,0.0282743,84.1361,-8.29045,2,1.5,-1.38174,-0,0
2.23626,1,1,0,0,4,9.37037,-0.739943,0.599575,0,30,2.76371,4.24114,56.5086,113.017,0.165822,0.0282743,84.1518,-8.29112,2,1.5,-1.38185,-0,0
2.24727,1,1,0,0,4,9.37097,-0.740081,0.599575,0,30,2.76388,4.24114,56.5086,113.017,0.165833,0.0282743,84.1645,-8.29165,2,1.5,-1.38194,-0,0
2.25965,1,1,0,0,4,9.37231,-0.739518,0.599575,0,30,2.76428,4.24114,56.5086,113.017,0.165856,0.0282743,84.1924,-8.29283,2,1.5,-1.38214,-0,0
2.26998,1,1,0,0,4,9.37215,-0.739522,0.599575,0,30,2.76423,4.24114,56.5086,113.017,0.165853,0.0282743,84.1892,-8.29269,2,1.5,-1.38212,-0,0
2.28157,1,1,0,0,4,9.37133,-0.740319,0.599575,0,30,2.76399,4.24114,56.5086,113.017,0.165839,0.0282743,84.1719,-8.29196,2,1.5,-1.38199,-0,0
2.29357,1,1,0,0,4,9.3708,-0.739262,0.599575,0,30,2.76383,4.24114,56.5086,113.017,0.16583,0.0282743,84.1609,-8.2915,2,1.5,-1.38192,-0,0
2.30425,1,1,0,0,4,9.3701,-0.738797,0.599575,0,30,2.76362,4.24114,56.5086,113.017,0.165817,0.0282743,84.1461,-8.29087,2,1.5,-1.38181,-0,0
2.31501,1,1,0,0,4,9.3701,-0.738759,0.599575,0,30,2.76362,4.24114,56.5086,113.017,0.165817,0.0282743,84.1461,-8.29087,2,1.5,-1.38181,-0,0
2.32593,1,1,0,0,4,9.36962,-0.738344,0.599575,0,30,2.76348,4.24114,56.5086,113.017,0.165809,0.0282743,84.1362,-8.29045,2,1.5,-1.38174,-0,0
2.33719,1,1,0,0,4,9.36981,-0.738794,0.599575,0,30,2.76354,4.24114,56.5086,113.017,0.165812,0.0282743,84.1402,-8.29062,2,1.5,-1.38177,-0,0
2.34801,1,1,0,0,4,9.37046,-0.739883,0.599575,0,30,2.76373,4.24114,56.5086,113.017,0.165823,0.0282743,84.1538,-8.2912,2,1.5,-1.38187,-0,0
2.3598,1,1,0,0,4,9.36972,-0.740942,0.599575,0,30,2.76351,4.24114,56.5086,113.017,0.16581,0.0282743,84.1381,-8.29054,2,1.5,-1.38176,-0,0
2.37112,1,1,0,0,4,9.37024,-0.742681,0.599575,0,30,2.76367,4.24114,56.5086,113.017,0.16582,0.0282743,84.1492,-8.291,2,1.5,-1.38183,-0,0
2.38174,1,1,0,0,4,9.37136,-0.743528,0.599575,0,30,2.764,4.24114,56.5086,113.017,0.165839,0.0282743,84.1727,-8.292,2,1.5,-1.382,-0,0
2.39286,1,1,0,0,4,9.37114,-0.743604,0.599575,0,30,2.76393,4.24114,56.5086,113.017,0.165836,0.0282743,84.1681,-8.2918,2,1.5,-1.38197,-0,0
2.40463,1,1,0,0,4,9.37181,-0.744323,0.599575,0,30,2.76413,4.24114,56.5086,113.017,0.165847,0.0282743,84.1821,-8.29239,2,1.5,-1.38207,-0,0
2.41554,1,1,0,0,4,9.37289,-0.743381,0.599575,0,30,2.76445,4.24114,56.5086,113.017,0.165866,0.0282743,84.2047,-8.29335,2,1.5,-1.38222,-0,0
2.42672,1,1,0,0,4,9.37239,-0.74207,0.599575,0,30,2.7643,4.24114,56.5086,113.017,0.165858,0.0282743,84.1942,-8.29291,2,1.5,-1.38215,-0,0
2.43765,1,1,0,0,4,9.37144,-0.742247,0.599575,0,30,2.76402,4.24114,56.5086,113.017,0.165841,0.0282743,84.1743,-8.29206,2,1.5,-1.38201,-0,0
2.44973,1,1,0,0,4,9.37087,-0.740779,0.599575,0,30,2.76385,4.24114,56.5086,113.017,0.165831,0.0282743,84.1624,-8.29156,2,1.5,-1.38193,-0,0
2.46143,1,1,0,0,4,9.36982,-0.740261,0.599575,0,30,2.76354,4.24114,56.5086,113.017,0.165812,0.0282743,84.1404,-8.29063,2,1.5,-1.38177,-0,0
2.4726,1,1,0,0,4,9.36893,-0.741226,0.599575,0,30,2.76328,4.24114,56.5086,113.017,0.165796,0.0282743,84.1216,-8.28984,2,1.5,-1.38164,-0,0
2.48516,1,1,0,0,4,9.36899,-0.741416,0.599575,0,30,2.7633,4.24114,56.5086,113.017,0.165797,0.0282743,84.1229,-8.28989,2,1.5,-1.38165,-0,0
2.49567,1,1,0,0,4,9.36863,-0.741995,0.599575,0,30,2.76319,4.24114,56.5086,113.017,0.165791,0.0282743,84.1153,-8.28957,2,1.5,-1.3816,-0,0
2.50698,1,1,0,0,4,9.36828,-0.743217,0.599575,0,30,2.76309,4.24114,56.5086,113.017,0.165785,0.0282743,84.1081,-8.28927,2,1.5,-1.38154,-0,0
2.51818,1,1,0,0,4,9.36725,-0.742728,0.599575,0,30,2.76278,4.24114,56.5086,113.017,0.165767,0.0282743,84.0864,-8.28835,2,1.5,-1.38139,-0,0
2.52852,1,1,0,0,4,9.36477,-0.742942,0.599575,0,30,2.76205,4.24114,56.5086,113.017,0.165723,0.0282743,84.0345,-8.28616,2,1.5,-1.38103,-0,0
2.53956,1,1,0,0,4,9.36209,-0.743812,0.599575,0,30,2.76126,4.24114,56.5086,113.017,0.165675,0.0282743,83.9785,-8.28379,2,1.5,-1.38063,-0,0
2.55039,1,1,0,0,4,9.35978,-0.743195,0.599575,0,30,2.76058,4.24114,56.5086,113.017,0.165635,0.0282743,83.9302,-8.28175,2,1.5,-1.38029,-0,0
2.56225,1,1,0,0,4,9.35855,-0.743524,0.599575,0,30,2.76022,4.24114,56.5086,113.017,0.165613,0.0282743,83.9044,-8.28066,2,1.5,-1.38011,-0,0
2.57445,1,1,0,0,4,9.35852,-0.744088,0.599575,0,30,2.76021,4.24114,56.5086,113.017,0.165612,0.0282743,83.9038,-8.28063,2,1.5,-1.38011,-0,0
2.58545,1,1,0,0,4,9.35939,-0.743308,0.599575,0,30,2.76047,4.24114,56.5086,113.017,0.165628,0.0282743,83.9219,-8.2814,2,1.5,-1.38023,-0,0
2.59744,1,1,0,0,4,9.36167,-0.744039,0.599575,0,30,2.76114,4.24114,56.5086,113.017,0.165668,0.0282743,83.9697,-8.28342,2,1.5,-1.38057,-0,0
2.60853,1,1,0,0,4,9.3637,-0.744133,0.599575,0,30,2.76174,4.24114,56.5086,113.017,0.165704,0.0282743,84.0122,-8.28521,2,1.5,-1.38087,-0,0
2.61942,1,1,0,0,4,9.36542,-0.743546,0.599575,0,30,2.76224,4.24114,56.5086,113.017,0.165734,0.0282743,84.0481,-8.28673,2,1.5,-1.38112,-0,0
2.63022,1,1,0,0,4,9.36639,-0.744063,0.599575,0,30,2.76253,4.24114,56.5086,113.017,0.165751,0.0282743,84.0684,-8.28759,2,1.5,-1.38127,-0,0
2.64185,1,1,0,0,4,9.36288,-0.744146,0.599575,0,30,2.7615,4.24114,56.5086,113.017,0.165689,0.0282743,83.9951,-8.28449,2,1.5,-1.38075,-0,0
2.65259,1,1,0,0,4,9.35726,-0.743734,0.599391,0,30,2.76111,4.24049,56.4913,112.983,0.165641,0.0282699,83.9031,-8.28333,2,1.5,-1.38055,-0,0
2.66364,1,1,0,0,4,9.35042,-0.743261,0.599207,0,30,2.76036,4.23984,56.474,112.948,0.16557,0.0282656,83.7858,-8.28109,2,1.5,-1.38018,-0,0
2.67533,1,1,0,0,4,9.34154,-0.74268,0.598839,0,30,2.76028,4.23854,56.4393,112.879,0.165515,0.0282569,83.6517,-8.28085,2,1.5,-1.38014,-0,0
2.68622,1,1,0,0,4,9.33302,-0.740358,0.598655,0,30,2.75904,4.23788,56.4219,112.844,0.165415,0.0282526,83.4994,-8.27711,2,1.5,-1.37952,-0,0
2.69682,1,1,0,0,4,9.32822,-0.73779,0.598471,0,30,2.75889,4.23723,56.4046,112.809,0.16538,0.0282482,83.4248,-8.27666,2,1.5,-1.37944,-0,0
2.70797,1,1,0,0,4,9.32228,-0.735964,0.598288,0,30,2.7584,4.23658,56.3873,112.775,0.165326,0.0282439,83.3266,-8.27521,2,1.5,-1.3792,-0,0
2.72026,1,1,0,0,4,9.30673,-0.732819,0.59792,0,30,2.75635,4.23528,56.3526,112.705,0.165152,0.0282352,83.0538,-8.26904,2,1.5,-1.37817,-0,0
2.73093,1,1,0,0,4,9.2924,-0.730646,0.597736,0,30,2.75337,4.23463,56.3353,112.671,0.164948,0.0282308,82.781,-8.26011,2,1.5,-1.37669,-0,0
2.74185,1,1,0,0,4,9.27952,-0.729545,0.597552,0,30,2.75083,4.23398,56.3179,112.636,0.16477,0.0282265,82.5391,-8.25248,2,1.5,-1.37541,-0,0
2.75362,1,1,0,0,4,9.26619,-0.72806,0.597368,0,30,2.74814,4.23332,56.3006,112.601,0.164584,0.0282222,82.2879,-8.24443,2,1.5,-1.37407,-0,0
2.76458,1,1,0,0,4,9.25957,-0.727515,0.597,0,30,2.74872,4.23202,56.2659,112.532,0.164568,0.0282135,82.2015,-8.24616,2,1.5,-1.37436,-0,0
2.77547,1,1,0,0,4,9.25906,-0.728185,0.596632,0,30,2.75111,4.23072,56.2312,112.462,0.16466,0.0282048,82.2415,-8.25333,2,1.5,-1.37555,-0,0
2.78712,1,1,0,0,4,9.25843,-0.727792,0.596264,0,30,2.75347,4.22941,56.1965,112.393,0.164751,0.0281961,82.2794,-8.26041,2,1.5,-1.37674,-0,0
2.79764,1,1,0,0,4,9.25844,-0.727945,0.595712,0,30,2.7573,4.22745,56.1445,112.289,0.164904,0.028183,82.3557,-8.2719,2,1.5,-1.37865,-0,0
2.80864,1,1,0,0,4,9.25998,-0.72787,0.595344,0,30,2.76032,4.22615,56.1098,112.22,0.165033,0.0281743,82.4386,-8.28095,2,1.5,-1.38016,-0,0
2.82004,1,1,0,0,4,9.26246,-0.726974,0.59516,0,30,2.76234,4.22549,56.0925,112.185,0.165128,0.02817,82.5156,-8.28701,2,1.5,-1.38117,-0,0
2.8306,1,1,0,0,4,9.26548,-0.727042,0.59516,0,30,2.76324,4.22549,56.0925,112.185,0.165182,0.02817,82.5783,-8.28971,2,1.5,-1.38162,-0,0
2.8415,1,1,0,0,4,9.2693,-0.727209,0.59516,0,30,2.76438,4.22549,56.0925,112.185,0.16525,0.02817,82.6579,-8.29313,2,1.5,-1.38219,-0,0
2.85309,1,1,0,0,4,9.27339,-0.727236,0.59516,0,30,2.7656,4.22549,56.0925,112.185,0.165323,0.02817,82.743,-8.29679,2,1.5,-1.3828,-0,0
2.86392,1,1,0,0,4,9.2767,-0.727932,0.59516,0,30,2.76658,4.22549,56.0925,112.185,0.165382,0.02817,82.812,-8.29975,2,1.5,-1.38329,-0,0
2.87487,1,1,0,0,4,9.27784,-0.727463,0.5924,0,30,2.78628,4.21569,55.8324,111.665,0.166173,0.0281046,83.2216,-8.35884,2,1.5,-1.39314,-0,0
2.8857,1,1,0,0,4,9.27735,-0.726162,0.586329,0,30,2.82952,4.19403,55.2602,110.52,0.167885,0.0279602,84.073,-8.48856,2,1.5,-1.41476,-0,0
2.89636,1,1,0,0,4,9.27156,-0.72512,0.569035,0,30,2.95763,4.13171,53.6303,107.261,0.172879,0.0275448,86.5019,-8.8729,2,1.5,-1.47882,-0,0
2.90746,1,1,0,0,4,9.25712,-0.723046,0.527641,0,30,3.30726,3.9786,49.729,99.458,0.186151,0.026524,92.9494,-9.92178,2,1.5,-1.65363,-0,0
2.91958,1,1,0,0,4,9.2249,-0.720665,0.454051,0,30,4.12863,3.69074,42.7933,85.5866,0.215569,0.0246049,107.139,-12.3859,2,1.5,-2.06431,-0,0
2.93022,1,1,0,0,4,9.17729,-0.718996,0.362799,0,30,5.75063,3.29909,34.193,68.386,0.268397,0.0219939,132.478,-17.2519,2,1.5,-2.87532,-0,0
2.94146,1,1,0,0,4,9.1141,-0.716642,0.248183,0,30,10.0939,2.72864,23.3907,46.7813,0.389647,0.0181909,190.562,-30.2816,2,1.5,-5.04693,-0,0
2.95404,1,1,0,0,4,9.02717,-0.714466,0.0866523,0,30,48.4598,1.61232,8.16679,16.3336,1.10535,0.0107488,533.723,-145.38,2,1.5,-24.2299,-0,0
2.96456,1,1,0,0,4,8.95836,-0.713489,-0.0601599,0,30,-nan(ind),-nan(ind),-nan(ind),-11.3399,-nan(ind),-nan(ind),-nan(ind),-nan(ind),2,1.5,-nan(ind),-nan(ind),0
2.97493,1,1,0,0,4,8.89084,-0.713014,-0.25315,0,30,-nan(ind),-nan(ind),-nan(ind),-47.7176,-nan(ind),-nan(ind),-nan(ind),-nan(ind),2,1.5,-nan(ind),-nan(ind),0
2.9862,1,1,0,0,4,8.84753,-0.714409,-0.482751,0,30,-nan(ind),-nan(ind),-nan(ind),-90.9964,-nan(ind),-nan(ind),-nan(ind),-nan(ind),2,1.5,-nan(ind),-nan(ind),0
2.99761,1,1,0,0,4,8.83281,-0.716965,-0.750619,0,30,-nan(ind),-nan(ind),-nan(ind),-141.488,-nan(ind),-nan(ind),-nan(ind),-nan(ind),2,1.5,-nan(ind),-nan(ind),0
3.00853,1,1,0,0,4,8.83191,-0.719136,-1.05786,0,30,-nan(ind),-nan(ind),-nan(ind),-199.401,-nan(ind),-nan(ind),-nan(ind),-nan(ind),2,1.5,-nan(ind),-nan(ind),0
3.01938,1,1,0,0,4,8.84317,-0.720816,-1.41293,0,30,-nan(ind),-nan(ind),-nan(ind),-266.331,-nan(ind),-nan(ind),-nan(ind),-nan(ind),2,1.5,-nan(ind),-nan(ind),0
3.03039,1,1,0,0,4,8.8574,-0.721978,-1.81584,0,30,-nan(ind),-nan(ind),-nan(ind),-342.277,-nan(ind),-nan(ind),-nan(ind),-nan(ind),2,1.5,-nan(ind),-nan(ind),0
3.04156,1,1,0,0,4,8.85921,-0.722837,-2.27927,0,30,-nan(ind),-nan(ind),-nan(ind),-429.632,-nan(ind),-nan(ind),-nan(ind),-nan(ind),2,1.5,-nan(ind),-nan(ind),0
3.05232,1,1,0,0,4,8.85885,-0.7226,-2.79164,0,30,-nan(ind),-nan(ind),-nan(ind),-526.212,-nan(ind),-nan(ind),-nan(ind),-nan(ind),2,1.5,-nan(ind),-nan(ind),0
3.06302,1,1,0,0,4,8.85831,-0.722889,-3.37484,0,30,-nan(ind),-nan(ind),-nan(ind),-636.143,-nan(ind),-nan(ind),-nan(ind),-nan(ind),2,1.5,-nan(ind),-nan(ind),0
3.07443,1,1,0,0,4,8.8581,-0.723122,-4.01894,0,30,-nan(ind),-nan(ind),-nan(ind),-757.552,-nan(ind),-nan(ind),-nan(ind),-nan(ind),2,1.5,-nan(ind),-nan(ind),0
3.08514,1,1,0,0,4,8.85874,-0.722724,-4.72706,0,30,-nan(ind),-nan(ind),-nan(ind),-891.03,-nan(ind),-nan(ind),-nan(ind),-nan(ind),2,1.5,-nan(ind),-nan(ind),0
3.09592,1,1,0,0,4,8.85886,-0.721651,-5.49258,0,30,-nan(ind),-nan(ind),-nan(ind),-1035.33,-nan(ind),-nan(ind),-nan(ind),-nan(ind),2,1.5,-nan(ind),-nan(ind),0
3.10779,1,1,0,0,4,8.85822,-0.722325,-6.36499,0,30,-nan(ind),-nan(ind),-nan(ind),-1199.77,-nan(ind),-nan(ind),-nan(ind),-nan(ind),2,1.5,-nan(ind),-nan(ind),0
3.11921,1,1,0,0,4,8.85767,-0.721511,-7.20061,0,30,-nan(ind),-nan(ind),-nan(ind),-1357.28,-nan(ind),-nan(ind),-nan(ind),-nan(ind),2,1.5,-nan(ind),-nan(ind),0
3.13016,1,1,0,0,4,8.85837,-0.720309,-8.04229,0,30,-nan(ind),-nan(ind),-nan(ind),-1515.94,-nan(ind),-nan(ind),-nan(ind),-nan(ind),2,1.5,-nan(ind),-nan(ind),0
3.14109,1,1,0,0,4,8.86186,-0.722434,-8.87478,0,30,-nan(ind),-nan(ind),-nan(ind),-1672.86,-nan(ind),-nan(ind),-nan(ind),-nan(ind),2,1.5,-nan(ind),-nan(ind),0
3.15171,1,1,0,0,4,8.86388,-0.723587,-9.67875,0,30,-nan(ind),-nan(ind),-nan(ind),-1824.4,-nan(ind),-nan(ind),-nan(ind),-nan(ind),2,1.5,-nan(ind),-nan(ind),0
3.16278,1,1,0,0,4,8.87072,-0.724509,-10.4386,0,30,-nan(ind),-nan(ind),-nan(ind),-1967.62,-nan(ind),-nan(ind),-nan(ind),-nan(ind),2,1.5,-nan(ind),-nan(ind),0
3.17415,1,1,0,0,4,8.87592,-0.727564,-11.1379,0,30,-nan(ind),-nan(ind),-nan(ind),-2099.44,-nan(ind),-nan(ind),-nan(ind),-nan(ind),2,1.5,-nan(ind),-nan(ind),0
3.18474,1,1,0,0,4,8.87617,-0.728468,-11.7435,0,30,-nan(ind),-nan(ind),-nan(ind),-2213.6,-nan(ind),-nan(ind),-nan(ind),-nan(ind),2,1.5,-nan(ind),-nan(ind),0
3.19682,1,1,0,0,4,8.8793,-0.727372,-12.2897,0,30,-nan(ind),-nan(ind),-nan(ind),-2316.56,-nan(ind),-nan(ind),-nan(ind),-nan(ind),2,1.5,-nan(ind),-nan(ind),0
3.20892,1,1,0,0,4,8.88149,-0.725991,-12.7031,0,30,-nan(ind),-nan(ind),-nan(ind),-2394.48,-nan(ind),-nan(ind),-nan(ind),-nan(ind),2,1.5,-nan(ind),-nan(ind),0
3.2195,1,1,0,0,4,8.88171,-0.725284,-12.9287,0,30,-nan(ind),-nan(ind),-nan(ind),-2437,-nan(ind),-nan(ind),-nan(ind),-nan(ind),2,1.5,-nan(ind),-nan(ind),0
3.23081,1,1,0,0,4,8.8857,-0.72431,-13.0457,0,30,-nan(ind),-nan(ind),-nan(ind),-2459.05,-nan(ind),-nan(ind),-nan(ind),-nan(ind),2,1.5,-nan(ind),-nan(ind),0
3.24163,1,1,0,0,4,8.88584,-0.72356,-13.0361,0,30,-nan(ind),-nan(ind),-nan(ind),-2457.25,-nan(ind),-nan(ind),-nan(ind),-nan(ind),2,1.5,-nan(ind),-nan(ind),0
3.25282,1,1,0,0,4,8.8835,-0.724049,-13.0093,0,30,-nan(ind),-nan(ind),-nan(ind),-2452.19,-nan(ind),-nan(ind),-nan(ind),-nan(ind),2,1.5,-nan(ind),-nan(ind),0
3.26387,1,1,0,0,4,8.87939,-0.724221,-12.9804,0,30,-nan(ind),-nan(ind),-nan(ind),-2446.74,-nan(ind),-nan(ind),-nan(ind),-nan(ind),2,1.5,-nan(ind),-nan(ind),0
3.27452,1,1,0,0,4,8.87566,-0.72396,-12.9496,0,30,-nan(ind),-nan(ind),-nan(ind),-2440.95,-nan(ind),-nan(ind),-nan(ind),-nan(ind),2,1.5,-nan(ind),-nan(ind),0
3.28586,1,1,0,0,4,8.87249,-0.724678,-12.9075,0,30,-nan(ind),-nan(ind),-nan(ind),-2433.01,-nan(ind),-nan(ind),-nan(ind),-nan(ind),2,1.5,-nan(ind),-nan(ind),0
3.29682,1,1,0,0,4,8.87124,-0.724629,-12.8643,0,30,-nan(ind),-nan(ind),-nan(ind),-2424.86,-nan(ind),-nan(ind),-nan(ind),-nan(ind),2,1.5,-nan(ind),-nan(ind),0
3.30753,1,1,0,0,4,8.87146,-0.724293,-12.8223,0,30,-nan(ind),-nan(ind),-nan(ind),-2416.95,-nan(ind),-nan(ind),-nan(ind),-nan(ind),2,1.5,-nan(ind),-nan(ind),0
3.31844,1,1,0,0,4,8.87242,-0.724942,-12.7738,0,30,-nan(ind),-nan(ind),-nan(ind),-2407.8,-nan(ind),-nan(ind),-nan(ind),-nan(ind),2,1.5,-nan(ind),-nan(ind),0
3.3297,1,1,0,0,4,8.87242,-0.724514,-12.7223,0,30,-nan(ind),-nan(ind),-nan(ind),-2398.09,-nan(ind),-nan(ind),-nan(ind),-nan(ind),2,1.5,-nan(ind),-nan(ind),0
3.34022,1,1,0,0,4,8.87093,-0.72422,-12.6678,0,30,-nan(ind),-nan(ind),-nan(ind),-2387.82,-nan(ind),-nan(ind),-nan(ind),-nan(ind),2,1.5,-nan(ind),-nan(ind),0
3.35163,1,1,0,0,4,8.87007,-0.724913,-12.6098,0,30,-nan(ind),-nan(ind),-nan(ind),-2376.9,-nan(ind),-nan(ind),-nan(ind),-nan(ind),2,1.5,-nan(ind),-nan(ind),0
3.36251,1,1,0,0,4,8.87023,-0.724513,-12.5497,0,30,-nan(ind),-nan(ind),-nan(ind),-2365.56,-nan(ind),-nan(ind),-nan(ind),-nan(ind),2,1.5,-nan(ind),-nan(ind),0
3.37356,1,1,0,0,4,8.86976,-0.723584,-12.4857,0,30,-nan(ind),-nan(ind),-nan(ind),-2353.49,-nan(ind),-nan(ind),-nan(ind),-nan(ind),2,1.5,-nan(ind),-nan(ind),0
3.38438,1,1,0,0,4,8.86977,-0.723933,-12.4198,0,30,-nan(ind),-nan(ind),-nan(ind),-2341.08,-nan(ind),-nan(ind),-nan(ind),-nan(ind),2,1.5,-nan(ind),-nan(ind),0
3.39522,1,1,0,0,4,8.87104,-0.723463,-12.355,0,30,-nan(ind),-nan(ind),-nan(ind),-2328.87,-nan(ind),-nan(ind),-nan(ind),-nan(ind),2,1.5,-nan(ind),-nan(ind),0
3.40611,1,1,0,0,4,8.87049,-0.723106,-12.2918,0,30,-nan(ind),-nan(ind),-nan(ind),-2316.94,-nan(ind),-nan(ind),-nan(ind),-nan(ind),2,1.5,-nan(ind),-nan(ind),0
3.41812,1,1,0,0,4,8.86994,-0.724215,-12.2235,0,30,-nan(ind),-nan(ind),-nan(ind),-2304.08,-nan(ind),-nan(ind),-nan(ind),-nan(ind),2,1.5,-nan(ind),-nan(ind),0
3.42984,1,1,0,0,4,8.87039,-0.723814,-12.1562,0,30,-nan(ind),-nan(ind),-nan(ind),-2291.38,-nan(ind),-nan(ind),-nan(ind),-nan(ind),2,1.5,-nan(ind),-nan(ind),0
3.44147,1,1,0,0,4,8.87017,-0.723117,-12.0925,0,30,-nan(ind),-nan(ind),-nan(ind),-2279.38,-nan(ind),-nan(ind),-nan(ind),-nan(ind),2,1.5,-nan(ind),-nan(ind),0
3.45209,1,1,0,0,4,8.86954,-0.724187,-12.0307,0,30,-nan(ind),-nan(ind),-nan(ind),-2267.73,-nan(ind),-nan(ind),-nan(ind),-nan(ind),2,1.5,-nan(ind),-nan(ind),0
3.46293,1,1,0,0,4,8.86977,-0.723751,-11.9702,0,30,-nan(ind),-nan(ind),-nan(ind),-2256.32,-nan(ind),-nan(ind),-nan(ind),-nan(ind),2,1.5,-nan(ind),-nan(ind),0
3.47421,1,1,0,0,4,8.86961,-0.723486,-11.9082,0,30,-nan(ind),-nan(ind),-nan(ind),-2244.64,-nan(ind),-nan(ind),-nan(ind),-nan(ind),2,1.5,-nan(ind),-nan(ind),0
3.48511,1,1,0,0,4,8.86982,-0.724412,-11.8447,0,30,-nan(ind),-nan(ind),-nan(ind),-2232.67,-nan(ind),-nan(ind),-nan(ind),-nan(ind),2,1.5,-nan(ind),-nan(ind),0
3.49639,1,1,0,0,4,8.87033,-0.72429,-11.781,0,30,-nan(ind),-nan(ind),-nan(ind),-2220.67,-nan(ind),-nan(ind),-nan(ind),-nan(ind),2,1.5,-nan(ind),-nan(ind),0
3.50732,1,1,0,0,4,8.87043,-0.723881,-11.7179,0,30,-nan(ind),-nan(ind),-nan(ind),-2208.78,-nan(ind),-nan(ind),-nan(ind),-nan(ind),2,1.5,-nan(ind),-nan(ind),0
3.51767,1,1,0,0,4,8.86985,-0.724635,-11.6635,0,30,-nan(ind),-nan(ind),-nan(ind),-2198.51,-nan(ind),-nan(ind),-nan(ind),-nan(ind),2,1.5,-nan(ind),-nan(ind),0
3.52918,1,1,0,0,4,8.86984,-0.72462,-11.6044,0,30,-nan(ind),-nan(ind),-nan(ind),-2187.38,-nan(ind),-nan(ind),-nan(ind),-nan(ind),2,1.5,-nan(ind),-nan(ind),0
3.54013,1,1,0,0,4,8.86944,-0.724173,-11.5573,0,30,-nan(ind),-nan(ind),-nan(ind),-2178.5,-nan(ind),-nan(ind),-nan(ind),-nan(ind),2,1.5,-nan(ind),-nan(ind),0
3.55071,1,1,0,0,4,8.86896,-0.724872,-11.5215,0,30,-nan(ind),-nan(ind),-nan(ind),-2171.74,-nan(ind),-nan(ind),-nan(ind),-nan(ind),2,1.5,-nan(ind),-nan(ind),0
3.56159,1,1,0,0,4,8.8689,-0.724636,-11.4893,0,30,-nan(ind),-nan(ind),-nan(ind),-2165.67,-nan(ind),-nan(ind),-nan(ind),-nan(ind),2,1.5,-nan(ind),-nan(ind),0
3.57268,1,1,0,0,4,8.86883,-0.724054,-11.4659,0,30,-nan(ind),-nan(ind),-nan(ind),-2161.27,-nan(ind),-nan(ind),-nan(ind),-nan(ind),2,1.5,-nan(ind),-nan(ind),0
3.58346,1,1,0,0,4,8.86868,-0.724516,-11.4554,0,30,-nan(ind),-nan(ind),-nan(ind),-2159.29,-nan(ind),-nan(ind),-nan(ind),-nan(ind),2,1.5,-nan(ind),-nan(ind),0
3.59491,1,1,0,0,4,8.86828,-0.724373,-11.455,0,30,-nan(ind),-nan(ind),-nan(ind),-2159.22,-nan(ind),-nan(ind),-nan(ind),-nan(ind),2,1.5,-nan(ind),-nan(ind),0
3.60607,1,1,0,0,4,8.86799,-0.724236,-11.455,0,30,-nan(ind),-nan(ind),-nan(ind),-2159.22,-nan(ind),-nan(ind),-nan(ind),-nan(ind),2,1.5,-nan(ind),-nan(ind),0
3.61697,1,1,0,0,4,8.86839,-0.724823,-11.455,0,30,-nan(ind),-nan(ind),-nan(ind),-2159.22,-nan(ind),-nan(ind),-nan(ind),-nan(ind),2,1.5,-nan(ind),-nan(ind),0
3.62759,1,1,0,0,4,8.86876,-0.72445,-11.455,0,30,-nan(ind),-nan(ind),-nan(ind),-2159.22,-nan(ind),-nan(ind),-nan(ind),-nan(ind),2,1.5,-nan(ind),-nan(ind),0
3.63939,1,1,0,0,4,8.86722,-0.72426,-11.455,0,30,-nan(ind),-nan(ind),-nan(ind),-2159.22,-nan(ind),-nan(ind),-nan(ind),-nan(ind),2,1.5,-nan(ind),-nan(ind),0
3.65068,1,1,0,0,4,8.86766,-0.724606,-11.455,0,30,-nan(ind),-nan(ind),-nan(ind),-2159.22,-nan(ind),-nan(ind),-nan(ind),-nan(ind),2,1.5,-nan(ind),-nan(ind),0
3.66205,1,1,0,0,4,8.86813,-0.72417,-11.455,0,30,-nan(ind),-nan(ind),-nan(ind),-2159.22,-nan(ind),-nan(ind),-nan(ind),-nan(ind),2,1.5,-nan(ind),-nan(ind),0
3.67254,1,1,0,0,4,8.86762,-0.724326,-11.455,0,30,-nan(ind),-nan(ind),-nan(ind),-2159.22,-nan(ind),-nan(ind),-nan(ind),-nan(ind),2,1.5,-nan(ind),-nan(ind),0
3.68325,1,1,0,0,4,8.86836,-0.724579,-11.455,0,30,-nan(ind),-nan(ind),-nan(ind),-2159.22,-nan(ind),-nan(ind),-nan(ind),-nan(ind),2,1.5,-nan(ind),-nan(ind),0
3.69469,1,1,0,0,4,8.86934,-0.724166,-11.455,0,30,-nan(ind),-nan(ind),-nan(ind),-2159.22,-nan(ind),-nan(ind),-nan(ind),-nan(ind),2,1.5,-nan(ind),-nan(ind),0
3.70544,1,1,0,0,4,8.86961,-0.724202,-11.455,0,30,-nan(ind),-nan(ind),-nan(ind),-2159.22,-nan(ind),-nan(ind),-nan(ind),-nan(ind),2,1.5,-nan(ind),-nan(ind),0
3.71774,1,1,0,0,4,8.87012,-0.724369,-11.455,0,30,-nan(ind),-nan(ind),-nan(ind),-2159.22,-nan(ind),-nan(ind),-nan(ind),-nan(ind),2,1.5,-nan(ind),-nan(ind),0
3.72866,1,1,0,0,4,8.8706,-0.724214,-11.455,0,30,-nan(ind),-nan(ind),-nan(ind),-2159.22,-nan(ind),-nan(ind),-nan(ind),-nan(ind),2,1.5,-nan(ind),-nan(ind),0
3.74087,1,1,0,0,4,8.87036,-0.724606,-11.455,0,30,-nan(ind),-nan(ind),-nan(ind),-2159.22,-nan(ind),-nan(ind),-nan(ind),-nan(ind),2,1.5,-nan(ind),-nan(ind),0
3.75162,1,1,0,0,4,8.87048,-0.724621,-11.455,0,30,-nan(ind),-nan(ind),-nan(ind),-2159.22,-nan(ind),-nan(ind),-nan(ind),-nan(ind),2,1.5,-nan(ind),-nan(ind),0
3.76342,1,1,0,0,4,8.87101,-0.72418,-11.455,0,30,-nan(ind),-nan(ind),-nan(ind),-2159.22,-nan(ind),-nan(ind),-nan(ind),-nan(ind),2,1.5,-nan(ind),-nan(ind),0
3.77465,1,1,0,0,4,8.87054,-0.724355,-11.455,0,30,-nan(ind),-nan(ind),-nan(ind),-2159.22,-nan(ind),-nan(ind),-nan(ind),-nan(ind),2,1.5,-nan(ind),-nan(ind),0
3.78558,1,1,0,0,4,8.87044,-0.724231,-11.455,0,30,-nan(ind),-nan(ind),-nan(ind),-2159.22,-nan(ind),-nan(ind),-nan(ind),-nan(ind),2,1.5,-nan(ind),-nan(ind),0
3.7973,1,1,0,0,4,8.87096,-0.723929,-11.455,0,30,-nan(ind),-nan(ind),-nan(ind),-2159.22,-nan(ind),-nan(ind),-nan(ind),-nan(ind),2,1.5,-nan(ind),-nan(ind),0
3.8084,1,1,0,0,4,8.86972,-0.724413,-11.455,0,30,-nan(ind),-nan(ind),-nan(ind),-2159.22,-nan(ind),-nan(ind),-nan(ind),-nan(ind),2,1.5,-nan(ind),-nan(ind),0
3.81918,1,1,0,0,4,8.86959,-0.724356,-11.455,0,30,-nan(ind),-nan(ind),-nan(ind),-2159.22,-nan(ind),-nan(ind),-nan(ind),-nan(ind),2,1.5,-nan(ind),-nan(ind),0
3.83023,1,1,0,0,4,8.86828,-0.724212,-11.455,0,30,-nan(ind),-nan(ind),-nan(ind),-2159.22,-nan(ind),-nan(ind),-nan(ind),-nan(ind),2,1.5,-nan(ind),-nan(ind),0
3.84116,1,1,0,0,4,8.86729,-0.724743,-11.455,0,30,-nan(ind),-nan(ind),-nan(ind),-2159.22,-nan(ind),-nan(ind),-nan(ind),-nan(ind),2,1.5,-nan(ind),-nan(ind),0
3.85207,1,1,0,0,4,8.86738,-0.724612,-11.455,0,30,-nan(ind),-nan(ind),-nan(ind),-2159.22,-nan(ind),-nan(ind),-nan(ind),-nan(ind),2,1.5,-nan(ind),-nan(ind),0
3.86324,1,1,0,0,4,8.86713,-0.724385,-11.455,0,30,-nan(ind),-nan(ind),-nan(ind),-2159.22,-nan(ind),-nan(ind),-nan(ind),-nan(ind),2,1.5,-nan(ind),-nan(ind),0
3.87412,1,1,0,0,4,8.86716,-0.724673,-11.455,0,30,-nan(ind),-nan(ind),-nan(ind),-2159.22,-nan(ind),-nan(ind),-nan(ind),-nan(ind),2,1.5,-nan(ind),-nan(ind),0
3.88506,1,1,0,0,4,8.8684,-0.724343,-11.455,0,30,-nan(ind),-nan(ind),-nan(ind),-2159.22,-nan(ind),-nan(ind),-nan(ind),-nan(ind),2,1.5,-nan(ind),-nan(ind),0
3.89616,1,1,0,0,4,8.86818,-0.7241,-11.455,0,30,-nan(ind),-nan(ind),-nan(ind),-2159.22,-nan(ind),-nan(ind),-nan(ind),-nan(ind),2,1.5,-nan(ind),-nan(ind),0
3.90698,1,1,0,0,4,8.86809,-0.724435,-11.455,0,30,-nan(ind),-nan(ind),-nan(ind),-2159.22,-nan(ind),-nan(ind),-nan(ind),-nan(ind),2,1.5,-nan(ind),-nan(ind),0
3.91827,1,1,0,0,4,8.86896,-0.724278,-11.455,0,30,-nan(ind),-nan(ind),-nan(ind),-2159.22,-nan(ind),-nan(ind),-nan(ind),-nan(ind),2,1.5,-nan(ind),-nan(ind),0
3.92901,1,1,0,0,4,8.8696,-0.724144,-11.455,0,30,-nan(ind),-nan(ind),-nan(ind),-2159.22,-nan(ind),-nan(ind),-nan(ind),-nan(ind),2,1.5,-nan(ind),-nan(ind),0
3.93995,1,1,0,0,4,8.86919,-0.724545,-11.455,0,30,-nan(ind),-nan(ind),-nan(ind),-2159.22,-nan(ind),-nan(ind),-nan(ind),-nan(ind),2,1.5,-nan(ind),-nan(ind),0
3.95109,1,1,0,0,4,8.86912,-0.724465,-11.455,0,30,-nan(ind),-nan(ind),-nan(ind),-2159.22,-nan(ind),-nan(ind),-nan(ind),-nan(ind),2,1.5,-nan(ind),-nan(ind),0
3.96332,1,1,0,0,4,8.86997,-0.724273,-11.455,0,30,-nan(ind),-nan(ind),-nan(ind),-2159.22,-nan(ind),-nan(ind),-nan(ind),-nan(ind),2,1.5,-nan(ind),-nan(ind),0
3.97419,1,1,0,0,4,8.86966,-0.72462,-11.455,0,30,-nan(ind),-nan(ind),-nan(ind),-2159.22,-nan(ind),-nan(ind),-nan(ind),-nan(ind),2,1.5,-nan(ind),-nan(ind),0
3.98497,1,1,0,0,4,8.86868,-0.724663,-11.455,0,30,-nan(ind),-nan(ind),-nan(ind),-2159.22,-nan(ind),-nan(ind),-nan(ind),-nan(ind),2,1.5,-nan(ind),-nan(ind),0
3.99705,1,1,0,0,4,8.86745,-0.724568,-11.455,0,30,-nan(ind),-nan(ind),-nan(ind),-2159.22,-nan(ind),-nan(ind),-nan(ind),-nan(ind),2,1.5,-nan(ind),-nan(ind),0
4.00886,1,1,0,0,4,8.86531,-0.725035,-11.455,0,30,-nan(ind),-nan(ind),-nan(ind),-2159.22,-nan(ind),-nan(ind),-nan(ind),-nan(ind),2,1.5,-nan(ind),-nan(ind),0
4.0209,1,1,0,0,4,8.86302,-0.724888,-11.455,0,30,-nan(ind),-nan(ind),-nan(ind),-2159.22,-nan(ind),-nan(ind),-nan(ind),-nan(ind),2,1.5,-nan(ind),-nan(ind),0
4.03172,1,1,0,0,4,8.86054,-0.724946,-11.455,0,30,-nan(ind),-nan(ind),-nan(ind),-2159.22,-nan(ind),-nan(ind),-nan(ind),-nan(ind),2,1.5,-nan(ind),-nan(ind),0
4.04364,1,1,0,0,4,8.85893,-0.72541,-11.455,0,30,-nan(ind),-nan(ind),-nan(ind),-2159.22,-nan(ind),-nan(ind),-nan(ind),-nan(ind),2,1.5,-nan(ind),-nan(ind),0
4.05468,1,1,0,0,4,8.8581,-0.725258,-11.455,0,30,-nan(ind),-nan(ind),-nan(ind),-2159.22,-nan(ind),-nan(ind),-nan(ind),-nan(ind),2,1.5,-nan(ind),-nan(ind),0
4.06573,1,1,0,0,4,8.85639,-0.725319,-11.455,0,30,-nan(ind),-nan(ind),-nan(ind),-2159.22,-nan(ind),-nan(ind),-nan(ind),-nan(ind),2,1.5,-nan(ind),-nan(ind),0
4.07653,1,1,0,0,4,8.85577,-0.72564,-11.455,0,30,-nan(ind),-nan(ind),-nan(ind),-2159.22,-nan(ind),-nan(ind),-nan(ind),-nan(ind),2,1.5,-nan(ind),-nan(ind),0
4.1818,1,1,0,0,4,8.86903,-0.723985,-11.455,0,30,-nan(ind),-nan(ind),-nan(ind),-2159.22,-nan(ind),-nan(ind),-nan(ind),-nan(ind),2,1.5,-nan(ind),-nan(ind),0
